"~label","~id","member_status:String","first_name:String","last_name:String","signup_date:String","over3_fraud_score:String","account_modified_ts:String","created_ts:String","ip_likely_country:String","ip_likely_city:String","browser_family:String","address1:String","address2:String","city:String","state:String","zipcode:String","country:String","avs_state:String","handle_suspicious:String","email_valid:String","device_type:String","region_id:String","graph_object_status:String","graph_object_modified_ts:String","graph_object_created_by:String","graph_object_modified_by:String"
BrowserAgent,BRWSR-483956,"","","","","","","2024-02-04 08:15:53","","","","","","","","","","","","","",CN-33,status 4,"2024-01-04 21:47:46",Roger Water,"2023-10-16 10:16:57"
BrowserAgent,BRWSR-998360,"","","","","","","2023-07-09 08:48:27","","",ie,"","","","","","","","","","",DZ-03,status 2,"2023-05-17 12:09:49",Madona,"2023-04-11 08:59:21"
BrowserAgent,BRWSR-324806,"","","","","","","2023-11-03 13:18:31","","","","","","","","","","","","","",CA-QC,status 4,"2024-01-24 18:17:56",Cindy Laupert,"2023-08-02 10:37:21"
BrowserAgent,BRWSR-500044,"","","","","","","2024-01-19 10:48:55","","",firefox,"","","","","","","","","","",AU-NSW,status 4,"2023-10-28 19:18:33",Cindy Laupert,"2024-01-04 17:42:31"
BrowserAgent,BRWSR-539734,"","","","","","","2024-01-10 20:18:45","","",ie,"","","","","","","","","","",RU-PRI,status 3,"2023-12-07 09:34:06",Cindy Laupert,"2024-01-06 07:01:11"
BrowserAgent,BRWSR-111458,"","","","","","","2023-07-02 11:32:17","","",chrome,"","","","","","","","","","",HN-GD,status 2,"2024-03-02 05:48:49",Cindy Laupert,"2023-10-11 06:30:53"
BrowserAgent,BRWSR-898103,"","","","","","","2023-08-06 03:22:21","","",ie,"","","","","","","","","","",US-HI,status 4,"2024-02-16 03:10:35",Cindy Laupert,"2023-08-02 03:15:33"
BrowserAgent,BRWSR-690076,"","","","","","","2023-05-13 22:44:09","","","","","","","","","","","","","",CG-13,status 5,"2023-09-27 21:35:57",Kate Bush,"2023-06-23 07:03:36"
BrowserAgent,BRWSR-965739,"","","","","","","2023-06-16 23:53:06","","",firefox,"","","","","","","","","","",MG-U,status 1,"2023-09-04 04:44:50",Kate Bush,"2023-09-08 18:32:31"
BrowserAgent,BRWSR-045250,"","","","","","","2023-07-07 21:13:38","","",firefox,"","","","","","","","","","",US-CO,status 1,"2023-11-23 04:05:51",Kate Bush,"2024-02-29 13:37:01"
BrowserAgent,BRWSR-203691,"","","","","","","2023-10-10 22:18:53","","",ie,"","","","","","","","","","",ZA-MP,status 4,"2023-06-10 02:49:06",Roger Water,"2023-08-26 13:31:31"
BrowserAgent,BRWSR-554579,"","","","","","","2023-07-13 05:56:09","","",firefox,"","","","","","","","","","",PH-WSA,status 4,"2023-11-13 18:19:15",Adam Clayton,"2023-11-16 23:46:04"
BrowserAgent,BRWSR-869742,"","","","","","","2023-07-10 06:20:19","","","","","","","","","","","","","",US-PA,status 3,"2023-07-28 09:33:21",Roger Water,"2023-09-15 03:16:36"
BrowserAgent,BRWSR-047462,"","","","","","","2023-05-29 02:06:35","","",chrome,"","","","","","","","","","",TZ-13,status 3,"2023-04-15 04:51:24",Adam Clayton,"2023-11-14 16:14:10"
BrowserAgent,BRWSR-866130,"","","","","","","2023-10-12 19:58:15","","",firefox,"","","","","","","","","","",BA-BIH,status 5,"2024-01-08 22:14:18",Cindy Laupert,"2023-06-13 12:06:57"
BrowserAgent,BRWSR-756837,"","","","","","","2023-05-18 22:17:25","","",chrome,"","","","","","","","","","",NG-LA,status 2,"2023-06-27 07:15:34",Madona,"2024-03-01 20:34:14"
BrowserAgent,BRWSR-408200,"","","","","","","2024-02-08 02:50:55","","",firefox,"","","","","","","","","","",UY-SA,status 1,"2023-08-02 20:35:07",Cindy Laupert,"2023-06-30 19:39:50"
BrowserAgent,BRWSR-234594,"","","","","","","2023-10-08 18:13:39","","",ie,"","","","","","","","","","",CO-HUI,status 4,"2023-10-09 05:27:55",Cindy Laupert,"2023-09-24 17:48:01"
BrowserAgent,BRWSR-391986,"","","","","","","2023-12-01 16:53:53","","","","","","","","","","","","","",TR-48,status 5,"2023-12-19 06:03:20",Madona,"2024-03-09 03:00:43"
BrowserAgent,BRWSR-187226,"","","","","","","2024-02-14 04:35:17","","","","","","","","","","","","","",RO-CS,status 3,"2023-10-02 10:24:00",Adam Clayton,"2023-07-19 14:06:16"
BrowserAgent,BRWSR-928227,"","","","","","","2023-11-12 18:16:29","","",firefox,"","","","","","","","","","",PY-1,status 2,"2023-06-13 05:52:28",Madona,"2023-07-26 06:32:00"
BrowserAgent,BRWSR-549712,"","","","","","","2023-04-27 02:54:48","","",ie,"","","","","","","","","","",US-UT,status 4,"2024-01-20 09:21:50",Cindy Laupert,"2024-03-03 17:53:02"
BrowserAgent,BRWSR-621999,"","","","","","","2023-09-20 02:25:31","","","","","","","","","","","","","",US-AK,status 2,"2023-07-07 17:01:53",Cindy Laupert,"2023-06-21 13:33:14"
BrowserAgent,BRWSR-257535,"","","","","","","2023-04-03 08:38:23","","",chrome,"","","","","","","","","","",BD-5,status 3,"2023-12-28 11:10:27",Cindy Laupert,"2023-10-25 14:30:47"
BrowserAgent,BRWSR-287713,"","","","","","","2023-11-04 06:54:06","","",chrome,"","","","","","","","","","",AR-Z,status 2,"2023-11-23 01:18:59",Cindy Laupert,"2023-07-30 04:29:15"
BrowserAgent,BRWSR-774337,"","","","","","","2023-10-12 11:31:04","","","","","","","","","","","","","",PG-MBA,status 5,"2024-01-16 15:33:02",Adam Clayton,"2024-02-16 20:53:55"
BrowserAgent,BRWSR-741360,"","","","","","","2023-07-14 04:22:03","","",ie,"","","","","","","","","","",US-OK,status 5,"2023-12-21 05:10:13",Madona,"2024-03-17 20:25:29"
BrowserAgent,BRWSR-108031,"","","","","","","2023-06-24 03:00:27","","",chrome,"","","","","","","","","","",NA-OH,status 3,"2023-12-22 06:46:36",Adam Clayton,"2024-01-29 05:33:35"
BrowserAgent,BRWSR-827046,"","","","","","","2024-01-21 09:37:11","","","","","","","","","","","","","",CU-14,status 4,"2023-12-21 15:21:57",Kate Bush,"2024-03-15 21:25:06"
BrowserAgent,BRWSR-406635,"","","","","","","2023-12-15 10:35:08","","",firefox,"","","","","","","","","","",MX-CAM,status 3,"2023-09-27 23:00:55",Adam Clayton,"2023-10-20 10:16:45"
Device,DD-AE-C5-8D-FE-02,"","","","","","","2024-02-26 10:56:30","","","","","","","","","","","","",Garmin-Asus,BS-EX,status 3,"2023-12-01 18:04:45",Roger Water,"2024-03-11 15:19:38"
Device,B2-A5-2A-23-3C-50,"","","","","","","2023-10-12 15:12:43","","","","","","","","","","","","",Vodafone,CL-AR,status 3,"2023-08-17 01:10:56",Cindy Laupert,"2023-04-10 18:03:28"
Device,"71-1C-7E-39-9B-1A","","","","","","","2023-04-02 04:03:34","","","","","","","","","","","","",ZTE,US-GA,status 2,"2023-05-29 07:28:52",Kate Bush,"2024-03-15 21:42:38"
Device,F3-E8-F9-B7-07-20,"","","","","","","2024-02-09 10:17:57","","","","","","","","","","","","",Wiko,IS-7,status 3,"2023-05-21 14:46:59",Adam Clayton,"2024-02-09 17:49:34"
Device,AD-E0-AE-FA-F8-70,"","","","","","","2023-08-06 09:51:05","","","","","","","","","","","","",Meizu,US-MN,status 3,"2023-12-15 21:16:01",Cindy Laupert,"2024-03-05 13:19:21"
Device,EA-72-B7-80-DB-68,"","","","","","","2023-10-09 09:56:48","","","","","","","","","","","","",Oppo,AU-QLD,status 4,"2023-04-07 03:11:17",Roger Water,"2023-07-04 00:06:43"
Device,"48-17-5C-7D-2E-93","","","","","","","2023-06-24 20:59:34","","","","","","","","","","","","",Lenovo,AR-S,status 2,"2024-03-19 14:22:16",Kate Bush,"2023-04-16 09:58:41"
Device,"1A-EF-90-B3-3C-D5","","","","","","","2023-12-10 20:10:51","","","","","","","","","","","","",Samsung,SG-04,status 5,"2023-11-06 14:52:21",Kate Bush,"2024-01-24 01:46:21"
Device,"6E-11-22-87-84-66","","","","","","","2023-09-06 21:00:35","","","","","","","","","","","","",Acer,US-FL,status 4,"2023-12-13 12:19:01",Cindy Laupert,"2023-09-18 00:43:34"
Device,"75-61-F1-CA-47-F0","","","","","","","2023-05-12 21:08:20","","","","","","","","","","","","",LG,EG-SIN,status 5,"2023-05-24 15:19:42",Adam Clayton,"2023-05-16 04:30:24"
Device,D7-CA-83-CC-E5-6C,"","","","","","","2024-02-02 21:15:43","","","","","","","","","","","","",alcatel,ID-MU,status 4,"2023-11-26 13:58:20",Adam Clayton,"2023-08-17 19:02:46"
Device,"71-69-0A-AE-54-23","","","","","","","2023-04-02 08:42:46","","","","","","","","","","","","",Xiaomi,PG-WPD,status 3,"2023-07-30 00:50:55",Cindy Laupert,"2023-09-06 13:42:40"
Device,"30-23-A8-9F-14-D1","","","","","","","2024-03-03 04:18:14","","","","","","","","","","","","",Samsung,US-CA,status 4,"2024-02-05 17:56:21",Cindy Laupert,"2023-11-13 11:49:10"
Device,"76-E4-8D-F8-D8-7B","","","","","","","2023-04-24 04:44:13","","","","","","","","","","","","",vivo,BR-SP,status 2,"2024-02-02 10:25:41",Roger Water,"2023-10-29 22:58:03"
Device,"79-72-08-EB-A6-57","","","","","","","2023-12-16 16:50:57","","","","","","","","","","","","",Philips,NZ-OTA,status 1,"2023-05-22 00:21:16",Roger Water,"2023-09-24 06:37:41"
Device,B9-2E-D5-A6-84-C0,"","","","","","","2023-10-31 19:27:24","","","","","","","","","","","","",Motorola,SD-DE,status 1,"2023-05-05 18:53:33",Adam Clayton,"2023-06-15 13:10:39"
Device,"18-C9-EC-DF-2C-9C","","","","","","","2024-01-07 17:34:09","","","","","","","","","","","","",Gionee,BS-RS,status 3,"2023-07-15 16:41:54",Kate Bush,"2023-06-22 12:33:37"
Device,"91-96-7C-E6-E6-00","","","","","","","2024-02-04 17:29:59","","","","","","","","","","","","",Nokia,FI-LL,status 2,"2024-02-19 09:43:41",Adam Clayton,"2023-03-25 00:08:17"
Device,"0E-AD-31-CF-CF-D7","","","","","","","2023-11-22 18:27:18","","","","","","","","","","","","",Motorola,SB-WE,status 2,"2023-12-29 16:17:03",Roger Water,"2023-09-28 21:29:46"
Device,"4E-1C-45-97-8D-02","","","","","","","2023-07-06 08:44:03","","","","","","","","","","","","",Samsung,ID-SA,status 4,"2024-02-21 00:19:50",Kate Bush,"2023-05-24 08:29:13"
Device,"57-B7-B9-F2-18-1D","","","","","","","2023-04-17 00:15:10","","","","","","","","","","","","",Apple,AU-SA,status 3,"2023-12-18 12:08:02",Cindy Laupert,"2023-05-03 19:26:58"
Device,B9-38-95-DF-22-27,"","","","","","","2023-09-08 14:41:54","","","","","","","","","","","","",Nokia,GB-ENG,status 1,"2024-02-18 21:28:36",Cindy Laupert,"2023-12-28 11:40:10"
Device,"60-78-0D-80-B6-45","","","","","","","2023-04-07 16:37:18","","","","","","","","","","","","",Philips,CD-NK,status 5,"2024-01-12 18:00:10",Kate Bush,"2023-12-09 15:42:02"
Device,"4B-B2-3E-3D-1A-9B","","","","","","","2023-11-24 10:38:49","","","","","","","","","","","","",Apple,KR-41,status 1,"2023-10-28 06:50:41",Madona,"2023-08-03 01:52:26"
Device,DF-01-5C-15-09-1E,"","","","","","","2023-07-07 05:00:52","","","","","","","","","","","","",Gionee,KI-G,status 2,"2024-01-20 22:47:44",Roger Water,"2023-05-25 16:53:09"
Device,CF-6B-BE-A8-F3-83,"","","","","","","2023-10-26 12:16:39","","","","","","","","","","","","",BLU,CA-ON,status 2,"2023-10-15 11:08:12",Kate Bush,"2023-05-01 04:16:20"
Device,F3-2C-D8-03-F6-9B,"","","","","","","2023-08-18 01:32:38","","","","","","","","","","","","",ZTE,GB-NIR,status 5,"2024-02-17 04:08:31",Roger Water,"2023-03-20 09:09:14"
Device,"32-84-75-A7-13-B6","","","","","","","2023-06-23 11:44:05","","","","","","","","","","","","",Pantech,US-AK,status 2,"2023-04-14 00:52:25",Roger Water,"2023-08-30 06:19:19"
Device,"96-A6-6C-2A-F1-4C","","","","","","","2023-09-20 03:16:04","","","","","","","","","","","","",i-mate,US-FL,status 1,"2023-04-19 05:03:37",Adam Clayton,"2023-07-10 07:43:32"
Device,"39-A6-56-A8-C3-A5","","","","","","","2023-07-30 00:15:47","","","","","","","","","","","","",alcatel,CN-33,status 2,"2023-09-18 17:44:41",Adam Clayton,"2023-08-30 12:54:25"
Email,wkinsellad@bing.com,"","","","","","","2024-01-21 11:12:22","","","","","","","","","","",True,True,"",NA-ON,status 5,"2024-01-31 18:57:04",Madona,"2023-09-25 05:00:27"
Email,gclever0@usda.gov,"","","","","","","2023-07-29 15:25:29","","","","","","","","","","",True,False,"",IR-13,status 1,"2023-07-17 10:42:42",Adam Clayton,"2023-11-21 15:58:08"
Email,gmccane2@gnu.org,"","","","","","","2023-08-09 22:53:09","","","","","","","","","","",True,True,"",US-AK,status 4,"2023-10-10 22:29:09",Madona,"2023-07-26 16:47:10"
Email,dgamageq@goo.ne.jp,"","","","","","","2023-08-01 06:00:48","","","","","","","","","","",False,True,"",BR-TO,status 4,"2023-04-05 22:26:56",Kate Bush,"2023-10-31 01:28:37"
Email,hbeavanj@goo.ne.jp,"","","","","","","2023-09-27 17:26:03","","","","","","","","","","",True,True,"",ZA-WC,status 1,"2023-06-15 14:48:51",Madona,"2023-09-21 06:08:09"
Email,trobun9@goo.ne.jp,"","","","","","","2024-02-29 05:17:24","","","","","","","","","","",False,True,"",US-NM,status 2,"2023-04-01 09:09:23",Roger Water,"2024-02-14 16:16:26"
Email,agoodbarne6@canalblog.com,"","","","","","","2024-02-13 02:50:40","","","","","","","","","","",True,False,"",GB-SCT,status 5,"2023-07-13 05:28:16",Cindy Laupert,"2024-01-05 01:45:24"
Email,dprozesckyh@wikipedia.org,"","","","","","","2023-04-19 04:35:33","","","","","","","","","","",True,True,"",US-TX,status 5,"2023-09-11 11:19:07",Madona,"2023-03-23 14:24:48"
Email,gprestwichg@craigslist.org,"","","","","","","2023-10-21 11:21:22","","","","","","","","","","",False,False,"",US-AK,status 1,"2024-01-27 18:23:30",Roger Water,"2024-02-23 03:26:52"
Email,mtheyere@opera.com,"","","","","","","2023-12-26 19:53:58","","","","","","","","","","",False,False,"",CN-15,status 3,"2023-05-29 09:10:04",Adam Clayton,"2023-05-04 14:14:03"
Email,jtwamley3@illinois.edu,"","","","","","","2023-03-21 01:52:42","","","","","","","","","","",False,True,"",MG-F,status 3,"2024-02-18 23:10:32",Madona,"2023-10-22 02:07:24"
Email,jhorneyf@instagram.com,"","","","","","","2023-10-24 15:08:44","","","","","","","","","","",False,False,"",US-KS,status 3,"2023-06-02 00:34:24",Madona,"2023-07-13 20:03:24"
Email,ebretherickk@cocolog-nifty.com,"","","","","","","2023-10-15 12:22:20","","","","","","","","","","",True,True,"",US-HI,status 4,"2024-03-16 06:18:38",Kate Bush,"2023-10-21 08:10:37"
Email,sbondem@indiegogo.com,"","","","","","","2023-08-28 23:50:16","","","","","","","","","","",True,False,"",US-CA,status 3,"2023-12-14 04:19:54",Roger Water,"2023-03-22 06:15:30"
Email,fsawer1@toplist.cz,"","","","","","","2023-08-04 02:45:14","","","","","","","","","","",False,False,"",RU-YAN,status 1,"2023-11-17 16:13:21",Adam Clayton,"2024-02-25 04:46:01"
Email,cmessier5@psu.edu,"","","","","","","2024-02-28 23:27:32","","","","","","","","","","",False,True,"",IR-06,status 5,"2023-06-07 16:17:38",Kate Bush,"2023-10-15 06:56:28"
Email,etedmanb@arizona.edu,"","","","","","","2024-02-09 15:15:30","","","","","","","","","","",False,True,"",FR-H,status 2,"2024-01-27 19:26:03",Kate Bush,"2023-11-25 04:25:35"
Email,bbursnall4@tinypic.com,"","","","","","","2023-09-17 00:12:01","","","","","","","","","","",False,True,"",MG-M,status 3,"2023-06-17 15:17:09",Cindy Laupert,"2023-07-04 17:00:03"
Email,mgeanyl@smh.com.au,"","","","","","","2023-06-27 19:03:49","","","","","","","","","","",False,True,"",JP-47,status 5,"2024-02-17 02:21:16",Roger Water,"2024-01-28 08:50:37"
Email,stacon7@fotki.com,"","","","","","","2023-04-26 06:43:01","","","","","","","","","","",False,False,"",CN-31,status 2,"2023-12-23 10:15:59",Madona,"2023-11-23 11:26:06"
Email,rwilloughwayc@biglobe.ne.jp,"","","","","","","2023-11-13 22:14:31","","","","","","","","","","",False,False,"",CL-LR,status 5,"2023-06-05 04:56:36",Madona,"2024-01-31 21:59:17"
Email,jmanwelln@yahoo.co.jp,"","","","","","","2023-09-24 01:43:14","","","","","","","","","","",True,True,"",PH-ROM,status 1,"2023-03-21 01:57:52",Madona,"2023-09-24 10:58:13"
Email,hdooleya@qq.com,"","","","","","","2023-07-14 02:35:37","","","","","","","","","","",False,True,"",BF-SEN,status 5,"2023-05-26 09:19:15",Kate Bush,"2023-05-09 09:33:05"
Email,cstannist@paypal.com,"","","","","","","2023-11-05 07:05:17","","","","","","","","","","",True,False,"",US-MN,status 2,"2023-05-19 12:26:02",Kate Bush,"2024-01-19 11:57:15"
Email,boxburys@bloglovin.com,"","","","","","","2023-11-14 04:48:51","","","","","","","","","","",False,False,"",AU-SA,status 4,"2024-01-06 20:53:22",Kate Bush,"2023-08-20 15:11:12"
Email,sdanieliso@tamu.edu,"","","","","","","2023-09-08 12:40:22","","","","","","","","","","",True,False,"",KI-G,status 2,"2023-05-24 06:59:10",Kate Bush,"2024-01-13 21:05:56"
Email,slantaphr@narod.ru,"","","","","","","2024-03-11 02:13:08","","","","","","","","","","",True,True,"",JP-13,status 1,"2023-11-10 01:43:33",Kate Bush,"2023-08-14 20:13:49"
Email,bbarbrick8@ucsd.edu,"","","","","","","2024-03-19 21:01:51","","","","","","","","","","",False,True,"",MG-D,status 3,"2023-07-17 05:38:26",Roger Water,"2024-01-05 11:10:26"
Email,mburnupi@answers.com,"","","","","","","2023-12-29 06:26:50","","","","","","","","","","",True,False,"",CO-HUI,status 5,"2023-08-14 06:18:13",Cindy Laupert,"2024-02-09 02:52:08"
Email,jkinnairdp@census.gov,"","","","","","","2023-09-01 23:21:48","","","","","","","","","","",False,False,"",DE-BW,status 5,"2023-03-28 00:11:57",Kate Bush,"2024-01-15 00:42:55"
IP,"177.147.109.162","","","","","","","2023-05-04 23:10:07",Poland,Łanięta,"","","","","","","","","","","",US-AK,status 3,"2024-01-22 18:18:56",Cindy Laupert,"2024-01-26 23:03:19"
IP,"99.85.29.186","","","","","","","2023-08-09 10:43:19",Argentina,Villa Cañás,"","","","","","","","","","","",NL-NH,status 5,"2023-10-27 14:42:46",Madona,"2023-04-10 08:48:22"
IP,"134.99.29.179","","","","","","","2024-02-14 12:10:44",Zambia,Lundazi,"","","","","","","","","","","",US-AK,status 4,"2023-08-28 20:35:50",Roger Water,"2023-10-10 03:51:28"
IP,"121.141.228.71","","","","","","","2023-06-12 04:45:55",Colombia,La Virginia,"","","","","","","","","","","",CO-GUV,status 2,"2023-06-07 11:23:38",Roger Water,"2023-09-20 00:21:11"
IP,"124.96.99.112","","","","","","","2023-10-25 16:09:16",China,Pingshan,"","","","","","","","","","","",NI-MN,status 3,"2023-04-15 04:02:07",Cindy Laupert,"2023-12-12 22:43:36"
IP,"54.84.51.179","","","","","","","2023-10-16 22:43:00",Philippines,Aurora,"","","","","","","","","","","",US-NC,status 2,"2023-03-21 03:16:23",Madona,"2023-04-22 22:22:25"
IP,"23.49.12.184","","","","","","","2023-05-20 07:05:49",China,Hekou,"","","","","","","","","","","",US-FL,status 1,"2024-01-21 14:35:04",Cindy Laupert,"2023-10-18 09:53:47"
IP,"24.189.91.54","","","","","","","2024-02-09 10:02:50",Russia,Petropavlovskaya,"","","","","","","","","","","",AU-QLD,status 4,"2023-08-27 20:22:01",Cindy Laupert,"2023-09-26 18:04:56"
IP,"142.73.153.119","","","","","","","2023-03-30 09:00:41",Portugal,Charneca da Cotovia,"","","","","","","","","","","",JP-01,status 2,"2023-07-02 05:22:11",Cindy Laupert,"2023-09-02 21:15:47"
IP,"132.231.128.213","","","","","","","2023-07-03 09:15:58",Serbia,Stari Banovci,"","","","","","","","","","","",RU-VOR,status 3,"2023-10-15 22:19:12",Kate Bush,"2023-11-17 04:02:39"
IP,"162.46.32.71","","","","","","","2024-01-24 13:28:29",Indonesia,Tekikbanyuurip,"","","","","","","","","","","",US-UT,status 4,"2023-08-14 13:34:38",Cindy Laupert,"2023-06-30 14:55:03"
IP,"146.68.27.84","","","","","","","2023-09-18 16:56:38",United States,Montgomery,"","","","","","","","","","","",CA-NT,status 2,"2023-04-29 17:19:29",Madona,"2023-06-22 01:47:56"
IP,"0.32.135.70","","","","","","","2023-04-28 23:30:00",Russia,Rasskazovo,"","","","","","","","","","","",CA-MB,status 3,"2023-12-19 12:27:49",Madona,"2023-06-27 04:32:04"
IP,"150.73.164.46","","","","","","","2023-10-08 03:14:15",Nigeria,Katagum,"","","","","","","","","","","",GB-ENG,status 1,"2023-11-10 04:09:30",Roger Water,"2023-09-03 19:29:37"
IP,"100.158.65.199","","","","","","","2023-07-04 02:50:50",Venezuela,Mene de Mauroa,"","","","","","","","","","","",CM-OU,status 1,"2023-04-14 16:56:20",Cindy Laupert,"2023-12-19 18:20:07"
IP,"194.91.138.20","","","","","","","2023-05-14 04:31:11",China,Chengdu,"","","","","","","","","","","",TR-10,status 4,"2023-09-15 14:57:52",Madona,"2023-08-20 19:15:35"
IP,"255.243.15.49","","","","","","","2023-09-14 09:59:05",Philippines,Pinaring,"","","","","","","","","","","",MR-06,status 1,"2023-11-23 22:30:24",Cindy Laupert,"2023-10-19 23:40:16"
IP,"77.167.84.193","","","","","","","2024-01-27 11:41:39",France,Tournon-sur-Rhône,"","","","","","","","","","","",AR-E,status 3,"2023-07-28 08:07:20",Cindy Laupert,"2023-12-27 04:42:46"
IP,"235.168.170.54","","","","","","","2023-08-12 18:00:23",Ecuador,Guaranda,"","","","","","","","","","","",CR-G,status 5,"2024-03-18 13:28:40",Madona,"2023-03-24 08:33:33"
IP,"43.72.224.161","","","","","","","2024-03-12 02:33:52",United States,Boston,"","","","","","","","","","","",PH-CAV,status 3,"2023-04-04 14:05:29",Cindy Laupert,"2023-09-12 05:35:22"
IP,"96.68.222.128","","","","","","","2024-01-14 21:03:10",Czech Republic,Vnorovy,"","","","","","","","","","","",DE-SN,status 2,"2024-03-10 13:25:00",Kate Bush,"2023-11-18 21:00:23"
IP,"158.251.74.58","","","","","","","2023-12-28 12:50:07",Vietnam,Phan Rang-Tháp Chàm,"","","","","","","","","","","",FR-Q,status 4,"2023-04-19 04:13:29",Roger Water,"2023-10-02 17:41:41"
IP,"30.184.149.231","","","","","","","2023-10-21 20:53:07",China,Dongshandi,"","","","","","","","","","","",IN-MM,status 2,"2023-07-03 10:46:22",Madona,"2023-06-29 00:44:51"
IP,"245.96.93.166","","","","","","","2023-08-24 00:09:28",Indonesia,Singabarong,"","","","","","","","","","","",PT-04,status 4,"2024-01-19 06:58:52",Adam Clayton,"2023-05-13 18:07:22"
IP,"52.218.97.166","","","","","","","2023-07-02 11:52:20",France,Locminé,"","","","","","","","","","","",FJ-W,status 1,"2023-05-06 03:13:40",Roger Water,"2023-11-01 03:22:47"
IP,"142.85.24.99","","","","","","","2023-07-12 20:25:49",Indonesia,Biting,"","","","","","","","","","","",ID-PA,status 4,"2023-05-19 07:37:07",Cindy Laupert,"2024-01-08 02:56:31"
IP,"81.74.25.99","","","","","","","2023-06-20 20:44:14",Poland,Krzemieniewo,"","","","","","","","","","","",ZA-GT,status 5,"2023-09-09 04:33:31",Adam Clayton,"2024-03-09 05:59:05"
IP,"179.21.241.33","","","","","","","2024-03-01 08:43:00",Azerbaijan,Nardaran,"","","","","","","","","","","",GT-ES,status 1,"2023-05-09 20:41:09",Cindy Laupert,"2023-11-27 18:42:21"
IP,"166.146.191.213","","","","","","","2023-05-09 07:59:02",China,Huili,"","","","","","","","","","","",AR-V,status 2,"2023-03-28 11:27:26",Kate Bush,"2023-08-09 13:42:10"
IP,"81.105.53.87","","","","","","","2023-10-06 00:17:25",Serbia,Riđica,"","","","","","","","","","","",US-SC,status 2,"2023-11-23 09:58:15",Kate Bush,"2024-02-29 14:07:42"
MailingAddress,ADDRS-157744,"","","","","","","2023-07-24 22:56:14","","","","700 Carberry Junction","11th Floor",Sitampiky,"","",Madagascar,False,"","","",US-VA,status 3,"2024-02-11 20:14:01",Kate Bush,"2023-04-24 04:08:20"
MailingAddress,ADDRS-394063,"","","","","","","2023-12-30 02:45:22","","","","58328 Gina Drive",Suite 54,São João Nepomuceno,"","36680-000",Brazil,True,"","","",US-AK,status 3,"2023-10-28 07:49:46",Adam Clayton,"2023-09-07 09:47:53"
MailingAddress,ADDRS-343639,"","","","","","","2023-10-13 06:51:00","","","","01 Coolidge Hill",Suite 95,Antang,"","",China,True,"","","",US-PA,status 5,"2023-07-21 14:19:19",Madona,"2023-09-27 15:20:30"
MailingAddress,ADDRS-112707,"","","","","","","2024-01-03 09:41:27","","","","602 Eagle Crest Circle",PO Box 28730,Leye,"","",China,False,"","","",DM-10,status 5,"2023-09-10 09:22:24",Adam Clayton,"2023-07-28 19:49:24"
MailingAddress,ADDRS-414731,"","","","","","","2023-05-04 16:35:34","","","","5084 Haas Plaza",Room 1867,Marne-la-Vallée,Île-de-France,"77602 CEDEX 3",France,True,"","","",ID-SA,status 5,"2023-08-13 21:24:02",Adam Clayton,"2023-04-07 14:43:02"
MailingAddress,ADDRS-913804,"","","","","","","2023-06-20 15:40:19","","","","491 Mayfield Way",Suite 3,Bangeran,"","",Indonesia,False,"","","",BQ-U-A,status 2,"2023-05-13 09:12:12",Madona,"2023-06-30 10:50:41"
MailingAddress,ADDRS-908847,"","","","","","","2023-06-30 09:43:05","","","","44698 Springview Court",Suite 19,Guhuai,"","",China,False,"","","",GR-58,status 4,"2024-01-16 10:18:51",Adam Clayton,"2023-07-26 23:04:04"
MailingAddress,ADDRS-197439,"","","","","","","2023-09-26 22:11:28","","","","36450 Ludington Plaza",Apt 1432,Caper,"","",Indonesia,False,"","","",EH-U-A,status 1,"2023-11-27 19:32:49",Adam Clayton,"2023-08-11 21:04:22"
MailingAddress,ADDRS-284592,"","","","","","","2023-04-18 01:58:16","","","","1691 Kinsman Crossing","5th Floor",Fulin,"","",China,False,"","","",TH-64,status 5,"2023-12-03 14:38:27",Roger Water,"2023-09-09 05:20:50"
MailingAddress,ADDRS-185430,"","","","","","","2023-10-15 12:04:26","","","","882 Blue Bill Park Center","3rd Floor",Nartkala,"","361336",Russia,False,"","","",US-WY,status 2,"2024-01-09 21:07:37",Cindy Laupert,"2023-08-18 12:06:28"
MailingAddress,ADDRS-210455,"","","","","","","2023-12-23 07:51:33","","","","673 Summer Ridge Plaza",PO Box 74620,Kombolcha,"","",Ethiopia,True,"","","",AU-WA,status 5,"2023-11-07 20:11:52",Madona,"2023-08-10 04:17:33"
MailingAddress,ADDRS-168001,"","","","","","","2023-09-01 12:21:55","","","","532 Dorton Hill",Apt 1938,Vanderhoof,British Columbia,G9A,Canada,True,"","","",US-KS,status 5,"2023-06-02 09:36:30",Roger Water,"2023-06-30 23:22:27"
MailingAddress,ADDRS-042305,"","","","","","","2023-06-14 10:51:56","","","","48 Mayfield Court",PO Box 15962,Dijon,Bourgogne,"21072 CEDEX",France,False,"","","",CD-MA,status 4,"2023-11-26 21:40:06",Kate Bush,"2023-12-10 16:10:27"
MailingAddress,ADDRS-538067,"","","","","","","2024-01-19 11:01:03","","","","84565 Mayer Court",PO Box 49270,Guararapes,"","16700-000",Brazil,False,"","","",FJ-N,status 2,"2023-04-25 15:51:09",Kate Bush,"2023-03-25 01:11:34"
MailingAddress,ADDRS-584446,"","","","","","","2023-03-24 09:05:15","","","","28457 Farmco Park","11th Floor",Daleman,"","",Indonesia,True,"","","",AU-QLD,status 5,"2023-04-02 18:55:34",Adam Clayton,"2023-08-01 14:29:07"
MailingAddress,ADDRS-466051,"","","","","","","2023-06-20 15:25:32","","","","54 Shelley Street",Suite 35,Lagoa Vermelha,"","95300-000",Brazil,True,"","","",MX-ROO,status 4,"2024-01-13 10:27:45",Roger Water,"2023-10-07 02:54:59"
MailingAddress,ADDRS-158979,"","","","","","","2023-05-28 09:29:20","","","","41 Graedel Trail","6th Floor",Strel'na,"","301735",Russia,True,"","","",CA-QC,status 2,"2023-11-29 14:10:07",Adam Clayton,"2023-06-05 11:03:12"
MailingAddress,ADDRS-498689,"","","","","","","2023-12-22 14:08:47","","","","36 Heath Crossing","15th Floor",Tall aḑ Ḑamān,"","",Syria,True,"","","",CN-42,status 3,"2023-10-09 00:58:34",Roger Water,"2024-01-18 15:52:42"
MailingAddress,ADDRS-096755,"","","","","","","2024-01-19 23:31:54","","","","01445 Stephen Pass","16th Floor",Lanjaghbyur,"","",Armenia,False,"","","",US-OR,status 2,"2023-11-24 14:52:13",Roger Water,"2023-12-03 03:14:38"
MailingAddress,ADDRS-426546,"","","","","","","2023-09-19 13:08:47","","","","0 Hauk Park",Apt 1617,Unión,"","",Paraguay,True,"","","",LS-H,status 3,"2024-03-09 10:25:54",Cindy Laupert,"2023-10-27 17:27:01"
MailingAddress,ADDRS-722537,"","","","","","","2023-09-24 00:41:15","","","","65 North Hill",PO Box 12756,Capulaan,"","5516",Philippines,True,"","","",CN-52,status 3,"2023-10-20 17:32:01",Roger Water,"2024-02-11 12:29:08"
MailingAddress,ADDRS-978717,"","","","","","","2024-01-08 13:52:07","","","","03 Green Ridge Way",Suite 26,Pushchino,"","142263",Russia,True,"","","",US-TX,status 1,"2023-04-27 04:28:02",Kate Bush,"2023-05-14 13:15:13"
MailingAddress,ADDRS-228171,"","","","","","","2023-12-21 15:17:16","","","","25101 Hanson Point",Suite 40,Remiremont,Lorraine,"88204 CEDEX",France,True,"","","",ES-CE,status 2,"2024-02-16 08:56:18",Kate Bush,"2023-06-29 05:32:51"
MailingAddress,ADDRS-867900,"","","","","","","2023-11-11 16:32:38","","","","25 Carioca Junction",Suite 22,Nifuboko,"","",Indonesia,False,"","","",JP-05,status 3,"2023-04-03 16:35:35",Cindy Laupert,"2023-11-14 00:17:00"
MailingAddress,ADDRS-936776,"","","","","","","2024-01-15 10:22:31","","","","9711 Summerview Plaza",PO Box 13643,Semenivka,"","",Ukraine,False,"","","",BO-S,status 5,"2023-06-15 17:21:10",Cindy Laupert,"2023-07-05 18:06:35"
MailingAddress,ADDRS-074042,"","","","","","","2023-03-25 21:58:51","","","","75817 Talisman Circle",Apt 709,Sóc Trăng,"","",Vietnam,False,"","","",IT-65,status 4,"2023-06-03 15:47:52",Madona,"2023-12-13 06:56:16"
MailingAddress,ADDRS-852047,"","","","","","","2024-01-12 10:00:04","","","","3 Bultman Court",PO Box 68078,Vilppula,"","35701",Finland,True,"","","",JP-21,status 5,"2023-12-03 06:23:08",Roger Water,"2023-05-27 11:54:59"
MailingAddress,ADDRS-011377,"","","","","","","2023-10-30 22:32:53","","","","04 Hazelcrest Parkway","11th Floor",Hägersten,Stockholm,"129 07",Sweden,False,"","","",AR-M,status 1,"2023-07-04 15:36:19",Roger Water,"2023-11-23 22:13:08"
MailingAddress,ADDRS-117147,"","","","","","","2023-09-11 08:10:24","","","","69 Loomis Avenue","2nd Floor",Malaga,Andalucia,"29010",Spain,False,"","","",US-IL,status 3,"2023-06-22 07:10:57",Roger Water,"2023-05-04 08:39:35"
MailingAddress,ADDRS-189698,"","","","","","","2023-09-21 01:30:55","","","","73871 Truax Park","7th Floor",Dinggou,"","",China,False,"","","",CA-ON,status 5,"2023-09-08 21:35:41",Adam Clayton,"2023-07-16 02:26:04"
Member,ME-351584,inactive,Maxy,Di Francecshi,"2023-07-16 00:14:03",True,"2023-08-24 11:40:48","","","","","","","","","","","","","","",KE-400,status 2,"2023-12-26 00:28:01",Kate Bush,"2023-07-05 10:14:25"
Member,ME-799370,active,Dane,Swepson,"2023-03-23 15:01:01",True,"2023-09-13 17:55:58","","","","","","","","","","","","","","",BO-L,status 5,"2024-01-21 05:20:01",Cindy Laupert,"2024-02-10 15:14:27"
Member,ME-392493,active,Trisha,Mead,"2023-03-22 13:41:37",False,"2023-05-28 22:49:50","","","","","","","","","","","","","","",TH-94,status 1,"2023-12-14 02:12:07",Adam Clayton,"2023-09-25 18:13:18"
Member,ME-548238,active,Odell,Kosiada,"2023-11-08 17:55:23",True,"2023-03-28 16:57:53","","","","","","","","","","","","","","",ZA-WC,status 2,"2023-05-02 11:31:29",Roger Water,"2023-04-11 06:09:26"
Member,ME-960128,inactive,Ken,Deane,"2023-07-01 05:57:47",False,"2024-03-19 06:44:14","","","","","","","","","","","","","","",AD-07,status 3,"2024-01-19 05:52:37",Cindy Laupert,"2023-08-28 10:30:02"
Member,ME-110431,active,Baldwin,Spinella,"2023-12-18 15:42:59",True,"2023-06-12 17:20:49","","","","","","","","","","","","","","",NO-18,status 1,"2023-08-04 13:07:15",Madona,"2023-09-01 01:39:49"
Member,ME-529032,active,Rhodie,Hendricks,"2023-05-02 15:12:36",False,"2024-01-11 15:50:45","","","","","","","","","","","","","","",DK-82,status 5,"2023-10-28 21:43:00",Madona,"2024-01-29 07:17:33"
Member,ME-572168,inactive,Joey,Gooder,"2023-08-26 11:44:30",False,"2023-04-11 22:42:03","","","","","","","","","","","","","","",CA-AB,status 3,"2023-11-07 06:04:36",Roger Water,"2024-01-16 05:52:48"
Member,ME-150676,suspended,Aldon,Langstrath,"2023-10-14 05:09:10",False,"2023-11-04 18:08:29","","","","","","","","","","","","","","",KE-700,status 2,"2024-02-26 01:52:50",Cindy Laupert,"2023-05-30 01:05:41"
Member,ME-076805,inactive,Ambrosi,Twallin,"2023-06-03 15:18:48",False,"2023-10-18 05:42:24","","","","","","","","","","","","","","",CO-ARA,status 2,"2023-08-24 08:17:31",Kate Bush,"2023-11-03 11:51:46"
Member,ME-199470,suspended,Cissiee,Cattach,"2023-07-29 20:38:16",True,"2024-02-04 13:52:45","","","","","","","","","","","","","","",US-CA,status 5,"2023-10-02 11:42:36",Cindy Laupert,"2023-11-23 17:39:11"
Member,ME-094592,inactive,Bruce,Holbie,"2023-05-15 22:42:57",False,"2023-08-12 19:39:55","","","","","","","","","","","","","","",CY-02,status 1,"2023-04-05 23:34:46",Kate Bush,"2023-08-27 10:13:00"
Member,ME-526967,inactive,Elga,Mattin,"2024-03-16 14:54:47",True,"2023-12-10 17:07:30","","","","","","","","","","","","","","",GL-U-A,status 2,"2023-06-01 01:15:51",Kate Bush,"2023-09-04 23:23:21"
Member,ME-498888,inactive,Crosby,Gristock,"2023-06-09 16:40:44",False,"2023-07-20 01:58:14","","","","","","","","","","","","","","",NA-CA,status 1,"2023-12-20 11:53:26",Madona,"2023-04-11 03:00:10"
Member,ME-787744,active,Jermain,Scaice,"2023-11-21 14:09:37",False,"2023-06-25 10:30:36","","","","","","","","","","","","","","",US-IN,status 1,"2023-09-02 05:33:46",Kate Bush,"2023-04-02 02:14:53"
Member,ME-484103,inactive,Patrizio,Dossantos,"2024-02-02 10:42:30",False,"2023-06-16 05:44:32","","","","","","","","","","","","","","",JP-37,status 3,"2023-10-22 08:06:08",Madona,"2023-10-20 18:23:35"
Member,ME-518945,active,Dee dee,Hendrikse,"2023-12-15 02:54:46",False,"2023-09-25 10:03:17","","","","","","","","","","","","","","",CH-NW,status 2,"2023-11-13 04:49:27",Cindy Laupert,"2023-07-08 18:44:28"
Member,ME-597565,inactive,Dimitri,Rissom,"2023-05-16 22:35:00",True,"2023-07-31 10:09:09","","","","","","","","","","","","","","",US-NE,status 1,"2023-11-11 12:05:20",Kate Bush,"2023-08-06 04:56:16"
Member,ME-477057,inactive,Deborah,Colleer,"2024-02-04 00:07:12",False,"2023-07-18 22:35:54","","","","","","","","","","","","","","",LT-KU,status 3,"2023-12-30 23:51:28",Kate Bush,"2023-09-22 00:18:29"
Member,ME-857572,active,Dud,Halliday,"2023-08-01 14:11:54",False,"2023-08-18 15:23:56","","","","","","","","","","","","","","",CD-OR,status 3,"2023-12-28 00:55:04",Roger Water,"2024-03-18 05:04:41"
Member,ME-465364,suspended,Mandi,Linnock,"2023-07-25 10:37:00",False,"2023-09-10 15:55:17","","","","","","","","","","","","","","",US-AK,status 1,"2023-11-15 17:28:14",Kate Bush,"2024-01-23 09:08:31"
Member,ME-603335,active,Adelaide,Isaksen,"2023-06-25 15:02:14",False,"2024-02-02 11:49:52","","","","","","","","","","","","","","",RU-PRI,status 1,"2023-06-19 12:06:19",Adam Clayton,"2023-09-05 17:33:36"
Member,ME-358233,active,Guinevere,Brodhead,"2023-08-04 07:06:19",False,"2023-11-19 21:13:07","","","","","","","","","","","","","","",AU-WA,status 4,"2023-04-11 06:50:06",Roger Water,"2023-10-05 15:35:34"
Member,ME-397432,active,Claretta,Scade,"2024-01-14 07:57:46",True,"2023-07-09 10:32:38","","","","","","","","","","","","","","",CA-SK,status 1,"2023-08-02 21:39:52",Madona,"2023-12-23 06:24:21"
Member,ME-553187,suspended,Findley,Vater,"2023-05-31 12:45:12",True,"2023-10-15 14:54:12","","","","","","","","","","","","","","",AR-B,status 1,"2023-12-03 07:05:35",Cindy Laupert,"2023-04-25 12:30:09"
Member,ME-585636,inactive,Aylmer,McGaughey,"2024-03-17 05:06:31",True,"2023-04-21 17:00:36","","","","","","","","","","","","","","",LU-L,status 2,"2024-01-16 23:43:43",Kate Bush,"2024-02-24 08:34:21"
Member,ME-153951,active,Keefe,Gisby,"2023-05-18 04:53:39",False,"2023-06-07 16:34:22","","","","","","","","","","","","","","",FR-I,status 2,"2023-04-15 09:18:34",Adam Clayton,"2023-04-27 16:41:45"
Member,ME-763327,suspended,Mable,Snuggs,"2023-10-06 03:47:21",False,"2024-02-02 10:50:37","","","","","","","","","","","","","","",AU-SA,status 4,"2023-10-23 15:37:55",Roger Water,"2024-01-01 13:10:41"
Member,ME-627893,suspended,Kimball,Upstell,"2023-09-21 10:06:05",True,"2023-11-12 00:04:41","","","","","","","","","","","","","","",CA-ON,status 5,"2023-09-03 07:46:23",Cindy Laupert,"2023-04-19 10:51:41"
Member,ME-428959,suspended,Maurise,Bollin,"2023-07-27 14:30:39",True,"2023-08-09 09:46:26","","","","","","","","","","","","","","",ID-PA,status 3,"2023-05-08 05:07:39",Roger Water,"2023-12-03 17:04:30"
Toolbar,TB-129852,"","","","","","","2024-03-17 05:14:11","","","","","","","","","","","","","",GY-UT,status 1,"2023-05-23 12:37:49",Kate Bush,"2023-12-23 03:20:17"
Toolbar,TB-910553,"","","","","","","2023-06-14 10:07:00","","","","","","","","","","","","","",GB-SCT,status 1,"2024-01-26 14:05:29",Madona,"2023-12-29 16:38:07"
Toolbar,TB-872153,"","","","","","","2023-07-21 19:02:12","","","","","","","","","","","","","",JP-47,status 2,"2023-08-02 22:30:00",Roger Water,"2023-12-29 13:41:59"
Toolbar,TB-507102,"","","","","","","2023-10-14 11:44:48","","","","","","","","","","","","","",AU-QLD,status 5,"2023-11-01 03:03:09",Madona,"2024-02-20 21:48:30"
Toolbar,TB-572867,"","","","","","","2023-08-19 10:34:12","","","","","","","","","","","","","",RU-PRI,status 3,"2023-05-03 23:29:48",Adam Clayton,"2024-02-08 11:46:59"
Toolbar,TB-262309,"","","","","","","2024-01-22 16:42:40","","","","","","","","","","","","","",AU-WA,status 2,"2024-02-11 08:33:03",Kate Bush,"2023-06-23 22:51:37"
Toolbar,TB-514713,"","","","","","","2023-03-21 01:56:58","","","","","","","","","","","","","",US-IL,status 4,"2024-01-08 03:07:15",Cindy Laupert,"2023-04-27 03:27:53"
Toolbar,TB-074189,"","","","","","","2023-07-18 13:51:16","","","","","","","","","","","","","",US-CA,status 4,"2023-05-28 22:18:09",Madona,"2023-06-29 09:29:12"
Toolbar,TB-859852,"","","","","","","2023-11-05 10:47:40","","","","","","","","","","","","","",PS-JEM,status 4,"2024-02-22 23:04:46",Adam Clayton,"2023-09-25 12:45:08"
Toolbar,TB-105857,"","","","","","","2024-03-19 03:01:45","","","","","","","","","","","","","",SE-W,status 4,"2023-12-23 22:54:25",Madona,"2023-05-26 15:38:21"
Toolbar,TB-541739,"","","","","","","2024-02-29 05:30:20","","","","","","","","","","","","","",PG-WPD,status 2,"2024-02-04 15:53:52",Kate Bush,"2024-01-26 04:42:18"
Toolbar,TB-751585,"","","","","","","2024-03-02 11:54:56","","","","","","","","","","","","","",AU-WA,status 3,"2024-03-06 23:35:05",Cindy Laupert,"2023-06-30 05:03:32"
Toolbar,TB-565761,"","","","","","","2023-04-25 19:35:10","","","","","","","","","","","","","",US-MT,status 5,"2023-06-30 11:18:31",Kate Bush,"2023-08-05 19:50:48"
Toolbar,TB-661767,"","","","","","","2023-04-14 08:50:54","","","","","","","","","","","","","",CA-AB,status 5,"2024-02-22 03:34:01",Roger Water,"2024-02-23 23:34:35"
Toolbar,TB-255940,"","","","","","","2023-07-04 14:00:59","","","","","","","","","","","","","",BR-SC,status 2,"2023-03-25 21:23:02",Adam Clayton,"2024-01-14 07:44:17"
Toolbar,TB-956580,"","","","","","","2024-01-30 06:32:59","","","","","","","","","","","","","",BR-BA,status 1,"2024-02-08 11:01:47",Roger Water,"2023-09-20 02:40:12"
Toolbar,TB-310127,"","","","","","","2023-11-20 18:05:54","","","","","","","","","","","","","",CA-NS,status 3,"2023-05-29 13:09:13",Adam Clayton,"2023-07-11 00:18:49"
Toolbar,TB-785446,"","","","","","","2023-05-05 03:58:56","","","","","","","","","","","","","",BS-FP,status 4,"2024-02-10 23:53:08",Kate Bush,"2023-07-25 08:33:20"
Toolbar,TB-518647,"","","","","","","2023-05-27 21:27:52","","","","","","","","","","","","","",MX-MIC,status 1,"2023-12-16 05:11:09",Cindy Laupert,"2023-06-17 06:32:04"
Toolbar,TB-052715,"","","","","","","2023-11-19 23:39:03","","","","","","","","","","","","","",BF-HOU,status 2,"2023-11-03 16:52:02",Roger Water,"2023-10-03 06:16:17"
Toolbar,TB-980348,"","","","","","","2023-04-16 21:02:59","","","","","","","","","","","","","",TR-61,status 4,"2023-11-27 12:38:10",Cindy Laupert,"2024-02-01 00:37:36"
Toolbar,TB-631933,"","","","","","","2024-02-02 00:17:35","","","","","","","","","","","","","",US-AK,status 5,"2023-07-21 13:03:21",Adam Clayton,"2023-06-28 14:23:38"
Toolbar,TB-633759,"","","","","","","2023-10-08 03:59:34","","","","","","","","","","","","","",OM-MA,status 2,"2023-11-04 08:54:37",Kate Bush,"2023-04-16 08:31:48"
Toolbar,TB-293133,"","","","","","","2024-02-29 07:41:47","","","","","","","","","","","","","",SD-06,status 3,"2023-08-02 02:55:24",Roger Water,"2023-08-31 22:22:34"
Toolbar,TB-124702,"","","","","","","2024-02-18 02:30:40","","","","","","","","","","","","","",US-OR,status 2,"2023-05-24 10:30:47",Adam Clayton,"2023-03-20 16:54:28"
Toolbar,TB-382329,"","","","","","","2024-03-11 16:25:59","","","","","","","","","","","","","",ET-GA,status 2,"2024-01-20 16:12:23",Cindy Laupert,"2023-08-08 06:16:59"
Toolbar,TB-678867,"","","","","","","2023-07-26 17:09:44","","","","","","","","","","","","","",IT-72,status 5,"2023-07-10 05:03:30",Kate Bush,"2023-05-20 01:10:35"
Toolbar,TB-873066,"","","","","","","2023-05-05 15:40:53","","","","","","","","","","","","","",CD-KA,status 1,"2024-01-07 08:18:09",Kate Bush,"2023-10-27 03:21:34"
Toolbar,TB-334009,"","","","","","","2023-04-16 12:27:32","","","","","","","","","","","","","",PG-WPD,status 2,"2023-06-23 21:53:17",Cindy Laupert,"2024-01-18 03:15:46"
Toolbar,TB-274117,"","","","","","","2023-09-28 14:20:01","","","","","","","","","","","","","",KI-G,status 2,"2024-01-26 10:40:12",Kate Bush,"2023-07-08 04:18:42"
