"~label","~id","site_id:String","ad_type_id:String","geo_id:String","device_category_id:String","advertiser_id:String","order_id:String","ord_revenue_max:Double","ord_revenue_min:Double","ord_average_revenue:Double","ord_total_revenue:Double","order_count:Int","line_item_type_id:String","os_id:String","integration_type_id:String","monetization_channel_id:String","ad_unit_id:String","total_impressions:Int","viewable_impressions:Int","measurable_impressions:Int","date_id:String","revenue_max:Double","revenue_min:Double","average_revenue:Double","total_revenue:Double","observations:Int"
ad_types,AT-17,"",AT-17,"","","","","","","","","","","","","","","","","","","","","","",""
ad_types,AT-10,"",AT-10,"","","","","","","","","","","","","","","","","","","","","","",""
ad_unit,AU-5169,"","","","","","","","","","","","","","","",AU-5169,"102054","106776","101604","","","","","",""
ad_unit,AU-5176,"","","","","","","","","","","","","","","",AU-5176,"354196","175676","349442","","","","","",""
ad_unit,AU-5078,"","","","","","","","","","","","","","","",AU-5078,"30","18","30","","","","","",""
ad_unit,AU-5154,"","","","","","","","","","","","","","","",AU-5154,"268432","76210","253264","","","","","",""
ad_unit,AU-5155,"","","","","","","","","","","","","","","",AU-5155,"226732","97074","220504","","","","","",""
ad_unit,AU-5104,"","","","","","","","","","","","","","","",AU-5104,"8486","3908","8026","","","","","",""
ad_unit,AU-5150,"","","","","","","","","","","","","","","",AU-5150,"28","12","28","","","","","",""
ad_unit,AU-5051,"","","","","","","","","","","","","","","",AU-5051,"5248","2594","5056","","","","","",""
ad_unit,AU-5086,"","","","","","","","","","","","","","","",AU-5086,"145058","33444","127330","","","","","",""
ad_unit,AU-5152,"","","","","","","","","","","","","","","",AU-5152,"101334","49376","94792","","","","","",""
ad_unit,AU-5089,"","","","","","","","","","","","","","","",AU-5089,"24970","6852","20938","","","","","",""
ad_unit,AU-5117,"","","","","","","","","","","","","","","",AU-5117,"107730","57042","105682","","","","","",""
ad_unit,AU-5057,"","","","","","","","","","","","","","","",AU-5057,"96690","40282","94198","","","","","",""
ad_unit,AU-5111,"","","","","","","","","","","","","","","",AU-5111,"253000","130234","233422","","","","","",""
ad_unit,AU-5172,"","","","","","","","","","","","","","","",AU-5172,"6296","2052","5934","","","","","",""
ad_unit,AU-5181,"","","","","","","","","","","","","","","",AU-5181,"154012","58490","153166","","","","","",""
ad_unit,AU-5129,"","","","","","","","","","","","","","","",AU-5129,"101992","27858","93532","","","","","",""
ad_unit,AU-5119,"","","","","","","","","","","","","","","",AU-5119,"105752","51970","103022","","","","","",""
ad_unit,AU-5178,"","","","","","","","","","","","","","","",AU-5178,"399664","177042","395486","","","","","",""
ad_unit,AU-5139,"","","","","","","","","","","","","","","",AU-5139,"1584","270","1564","","","","","",""
ad_unit,AU-5099,"","","","","","","","","","","","","","","",AU-5099,"200808","101716","193728","","","","","",""
ad_unit,AU-5122,"","","","","","","","","","","","","","","",AU-5122,"8016","3012","7682","","","","","",""
ad_unit,AU-5133,"","","","","","","","","","","","","","","",AU-5133,"17092","5908","17020","","","","","",""
ad_unit,AU-5179,"","","","","","","","","","","","","","","",AU-5179,"384584","232336","384318","","","","","",""
ad_unit,AU-5162,"","","","","","","","","","","","","","","",AU-5162,"96574","33180","90222","","","","","",""
ad_unit,AU-5115,"","","","","","","","","","","","","","","",AU-5115,"2","0","2","","","","","",""
ad_unit,AU-5055,"","","","","","","","","","","","","","","",AU-5055,"113548","76680","113458","","","","","",""
ad_unit,AU-5101,"","","","","","","","","","","","","","","",AU-5101,"293166","77326","290892","","","","","",""
ad_unit,AU-5124,"","","","","","","","","","","","","","","",AU-5124,"49706","5466","49706","","","","","",""
ad_unit,AU-5175,"","","","","","","","","","","","","","","",AU-5175,"560318","317284","524762","","","","","",""
ad_unit,AU-5097,"","","","","","","","","","","","","","","",AU-5097,"330902","187008","330550","","","","","",""
ad_unit,AU-5079,"","","","","","","","","","","","","","","",AU-5079,"29636","31374","29632","","","","","",""
ad_unit,AU-5107,"","","","","","","","","","","","","","","",AU-5107,"452","54","432","","","","","",""
ad_unit,AU-5140,"","","","","","","","","","","","","","","",AU-5140,"46404","14196","46334","","","","","",""
ad_unit,AU-5121,"","","","","","","","","","","","","","","",AU-5121,"16646","3720","16624","","","","","",""
ad_unit,AU-5095,"","","","","","","","","","","","","","","",AU-5095,"26928","27454","26914","","","","","",""
ad_unit,AU-5118,"","","","","","","","","","","","","","","",AU-5118,"304590","55990","304320","","","","","",""
ad_unit,AU-5056,"","","","","","","","","","","","","","","",AU-5056,"4","0","2","","","","","",""
ad_unit,AU-5130,"","","","","","","","","","","","","","","",AU-5130,"66736","33502","66482","","","","","",""
ad_unit,AU-5161,"","","","","","","","","","","","","","","",AU-5161,"222790","105460","216566","","","","","",""
ad_unit,AU-5142,"","","","","","","","","","","","","","","",AU-5142,"8108","2432","8092","","","","","",""
ad_unit,AU-5067,"","","","","","","","","","","","","","","",AU-5067,"181960","41320","177420","","","","","",""
ad_unit,AU-5159,"","","","","","","","","","","","","","","",AU-5159,"486002","321314","485814","","","","","",""
ad_unit,AU-5071,"","","","","","","","","","","","","","","",AU-5071,"4616","1252","4570","","","","","",""
ad_unit,AU-5183,"","","","","","","","","","","","","","","",AU-5183,"0","0","0","","","","","",""
ad_unit,AU-5132,"","","","","","","","","","","","","","","",AU-5132,"53774","11726","53712","","","","","",""
ad_unit,AU-5083,"","","","","","","","","","","","","","","",AU-5083,"63080","40546","63042","","","","","",""
ad_unit,AU-5177,"","","","","","","","","","","","","","","",AU-5177,"121230","49802","111518","","","","","",""
ad_unit,AU-5098,"","","","","","","","","","","","","","","",AU-5098,"13522","6086","13124","","","","","",""
ad_unit,AU-5171,"","","","","","","","","","","","","","","",AU-5171,"455032","91670","448034","","","","","",""
ad_unit,AU-5076,"","","","","","","","","","","","","","","",AU-5076,"40","6","28","","","","","",""
ad_unit,AU-5143,"","","","","","","","","","","","","","","",AU-5143,"4102","1218","4070","","","","","",""
ad_unit,AU-5073,"","","","","","","","","","","","","","","",AU-5073,"279248","22628","258190","","","","","",""
ad_unit,AU-5093,"","","","","","","","","","","","","","","",AU-5093,"46376","2846","37328","","","","","",""
ad_unit,AU-5137,"","","","","","","","","","","","","","","",AU-5137,"108842","81520","108728","","","","","",""
ad_unit,AU-5058,"","","","","","","","","","","","","","","",AU-5058,"4","0","2","","","","","",""
ad_unit,AU-5134,"","","","","","","","","","","","","","","",AU-5134,"17690","7278","17598","","","","","",""
ad_unit,AU-5160,"","","","","","","","","","","","","","","",AU-5160,"289730","170372","276000","","","","","",""
ad_unit,AU-5180,"","","","","","","","","","","","","","","",AU-5180,"12","0","8","","","","","",""
ad_unit,AU-5167,"","","","","","","","","","","","","","","",AU-5167,"100850","108028","100418","","","","","",""
ad_unit,AU-5064,"","","","","","","","","","","","","","","",AU-5064,"199858","119082","182876","","","","","",""
ad_unit,AU-5052,"","","","","","","","","","","","","","","",AU-5052,"118302","32940","114366","","","","","",""
ad_unit,AU-5144,"","","","","","","","","","","","","","","",AU-5144,"7978","2024","7962","","","","","",""
ad_unit,AU-5105,"","","","","","","","","","","","","","","",AU-5105,"245236","40856","244988","","","","","",""
ad_unit,AU-5135,"","","","","","","","","","","","","","","",AU-5135,"42","6","42","","","","","",""
ad_unit,AU-5108,"","","","","","","","","","","","","","","",AU-5108,"103436","47802","101784","","","","","",""
ad_unit,AU-5068,"","","","","","","","","","","","","","","",AU-5068,"152388","69100","150832","","","","","",""
ad_unit,AU-5116,"","","","","","","","","","","","","","","",AU-5116,"162490","79956","161060","","","","","",""
ad_unit,AU-5072,"","","","","","","","","","","","","","","",AU-5072,"42126","18046","40760","","","","","",""
ad_unit,AU-5103,"","","","","","","","","","","","","","","",AU-5103,"127820","67994","125774","","","","","",""
ad_unit,AU-5074,"","","","","","","","","","","","","","","",AU-5074,"277096","33346","276832","","","","","",""
ad_unit,AU-5100,"","","","","","","","","","","","","","","",AU-5100,"314428","177224","304180","","","","","",""
ad_unit,AU-5106,"","","","","","","","","","","","","","","",AU-5106,"116986","59558","115816","","","","","",""
ad_unit,AU-5050,"","","","","","","","","","","","","","","",AU-5050,"142658","82304","120258","","","","","",""
ad_unit,AU-5069,"","","","","","","","","","","","","","","",AU-5069,"43152","20942","41272","","","","","",""
ad_unit,AU-5157,"","","","","","","","","","","","","","","",AU-5157,"105678","43626","92182","","","","","",""
ad_unit,AU-5094,"","","","","","","","","","","","","","","",AU-5094,"48","4","48","","","","","",""
ad_unit,AU-5109,"","","","","","","","","","","","","","","",AU-5109,"375472","208618","375062","","","","","",""
ad_unit,AU-5131,"","","","","","","","","","","","","","","",AU-5131,"50628","5246","50606","","","","","",""
ad_unit,AU-5110,"","","","","","","","","","","","","","","",AU-5110,"229270","69160","218976","","","","","",""
ad_unit,AU-5070,"","","","","","","","","","","","","","","",AU-5070,"278480","28972","259082","","","","","",""
ad_unit,AU-5136,"","","","","","","","","","","","","","","",AU-5136,"18640","18856","18628","","","","","",""
ad_unit,AU-5153,"","","","","","","","","","","","","","","",AU-5153,"391796","52272","391424","","","","","",""
ad_unit,AU-5090,"","","","","","","","","","","","","","","",AU-5090,"46940","3576","38396","","","","","",""
ad_unit,AU-5092,"","","","","","","","","","","","","","","",AU-5092,"1618","600","1398","","","","","",""
ad_unit,AU-5061,"","","","","","","","","","","","","","","",AU-5061,"27242","11610","25040","","","","","",""
ad_unit,AU-5164,"","","","","","","","","","","","","","","",AU-5164,"437514","32466","362460","","","","","",""
ad_unit,AU-5066,"","","","","","","","","","","","","","","",AU-5066,"327854","219748","327536","","","","","",""
ad_unit,AU-5156,"","","","","","","","","","","","","","","",AU-5156,"97150","38756","92050","","","","","",""
ad_unit,AU-5120,"","","","","","","","","","","","","","","",AU-5120,"258306","25028","231620","","","","","",""
ad_unit,AU-5087,"","","","","","","","","","","","","","","",AU-5087,"108294","35670","99012","","","","","",""
ad_unit,AU-5113,"","","","","","","","","","","","","","","",AU-5113,"165648","85096","162018","","","","","",""
ad_unit,AU-5158,"","","","","","","","","","","","","","","",AU-5158,"435682","37982","369504","","","","","",""
ad_unit,AU-5174,"","","","","","","","","","","","","","","",AU-5174,"18096","3762","16028","","","","","",""
ad_unit,AU-5127,"","","","","","","","","","","","","","","",AU-5127,"72214","31096","72128","","","","","",""
ad_unit,AU-5053,"","","","","","","","","","","","","","","",AU-5053,"98270","47260","94502","","","","","",""
ad_unit,AU-5151,"","","","","","","","","","","","","","","",AU-5151,"46082","45446","46060","","","","","",""
ad_unit,AU-5138,"","","","","","","","","","","","","","","",AU-5138,"5104","1666","5094","","","","","",""
ad_unit,AU-5170,"","","","","","","","","","","","","","","",AU-5170,"25234","7236","24908","","","","","",""
ad_unit,AU-5168,"","","","","","","","","","","","","","","",AU-5168,"3390220","1108938","3307384","","","","","",""
ad_unit,AU-5102,"","","","","","","","","","","","","","","",AU-5102,"191808","90902","188400","","","","","",""
ad_unit,AU-5059,"","","","","","","","","","","","","","","",AU-5059,"86910","13556","78676","","","","","",""
ad_unit,AU-5084,"","","","","","","","","","","","","","","",AU-5084,"29956","9144","22570","","","","","",""
ad_unit,AU-5141,"","","","","","","","","","","","","","","",AU-5141,"46166","16464","46094","","","","","",""
ad_unit,AU-5173,"","","","","","","","","","","","","","","",AU-5173,"123824","57476","117730","","","","","",""
ad_unit,AU-5081,"","","","","","","","","","","","","","","",AU-5081,"188164","80200","133952","","","","","",""
ad_unit,AU-5085,"","","","","","","","","","","","","","","",AU-5085,"6822","2652","6414","","","","","",""
ad_unit,AU-5165,"","","","","","","","","","","","","","","",AU-5165,"2","2","2","","","","","",""
ad_unit,AU-5125,"","","","","","","","","","","","","","","",AU-5125,"101384","67524","99378","","","","","",""
ad_unit,AU-5166,"","","","","","","","","","","","","","","",AU-5166,"62","22","60","","","","","",""
ad_unit,AU-5112,"","","","","","","","","","","","","","","",AU-5112,"11796","5342","11568","","","","","",""
ad_unit,AU-5147,"","","","","","","","","","","","","","","",AU-5147,"45056","25638","44938","","","","","",""
ad_unit,AU-5443,"","","","","","","","","","","","","","","",AU-5443,"76802","78838","72688","","","","","",""
ad_unit,AU-5442,"","","","","","","","","","","","","","","",AU-5442,"60378","60174","58682","","","","","",""
ad_unit,AU-5062,"","","","","","","","","","","","","","","",AU-5062,"26542","14162","25736","","","","","",""
ad_unit,AU-5123,"","","","","","","","","","","","","","","",AU-5123,"24040","8096","24004","","","","","",""
ad_unit,AU-5065,"","","","","","","","","","","","","","","",AU-5065,"153918","77144","151314","","","","","",""
ad_unit,AU-5060,"","","","","","","","","","","","","","","",AU-5060,"1790","774","1552","","","","","",""
ad_unit,AU-5128,"","","","","","","","","","","","","","","",AU-5128,"24798","10946","24780","","","","","",""
ad_unit,AU-5114,"","","","","","","","","","","","","","","",AU-5114,"256952","31184","233994","","","","","",""
ad_unit,AU-5126,"","","","","","","","","","","","","","","",AU-5126,"115282","61990","94636","","","","","",""
ad_unit,AU-5080,"","","","","","","","","","","","","","","",AU-5080,"53420","4968","40734","","","","","",""
ad_unit,AU-5088,"","","","","","","","","","","","","","","",AU-5088,"26826","7988","21596","","","","","",""
ad_unit,AU-5096,"","","","","","","","","","","","","","","",AU-5096,"217354","29116","202948","","","","","",""
ad_unit,AU-5148,"","","","","","","","","","","","","","","",AU-5148,"0","0","0","","","","","",""
ad_unit,AU-5091,"","","","","","","","","","","","","","","",AU-5091,"47544","7106","47498","","","","","",""
ad_unit,AU-5082,"","","","","","","","","","","","","","","",AU-5082,"114190","40960","99058","","","","","",""
ad_unit,AU-5054,"","","","","","","","","","","","","","","",AU-5054,"26512","9426","24466","","","","","",""
ad_unit,AU-5145,"","","","","","","","","","","","","","","",AU-5145,"29804","2540","29760","","","","","",""
ad_unit,AU-5163,"","","","","","","","","","","","","","","",AU-5163,"426878","43730","366610","","","","","",""
ad_unit,AU-5146,"","","","","","","","","","","","","","","",AU-5146,"19572","4366","19524","","","","","",""
ad_unit,AU-5063,"","","","","","","","","","","","","","","",AU-5063,"36336","37834","36332","","","","","",""
advertisers,AD-88,"","","","",AD-88,"","","","","","","","","","","","","","","","","","","",""
advertisers,AD-2638,"","","","",AD-2638,"","","","","","","","","","","","","","","","","","","",""
advertisers,AD-2640,"","","","",AD-2640,"","","","","","","","","","","","","","","","","","","",""
advertisers,AD-8,"","","","",AD-8,"","","","","","","","","","","","","","","","","","","",""
advertisers,AD-2645,"","","","",AD-2645,"","","","","","","","","","","","","","","","","","","",""
advertisers,AD-2641,"","","","",AD-2641,"","","","","","","","","","","","","","","","","","","",""
advertisers,AD-96,"","","","",AD-96,"","","","","","","","","","","","","","","","","","","",""
advertisers,AD-90,"","","","",AD-90,"","","","","","","","","","","","","","","","","","","",""
advertisers,AD-139,"","","","",AD-139,"","","","","","","","","","","","","","","","","","","",""
advertisers,AD-2644,"","","","",AD-2644,"","","","","","","","","","","","","","","","","","","",""
advertisers,AD-2636,"","","","",AD-2636,"","","","","","","","","","","","","","","","","","","",""
advertisers,AD-2635,"","","","",AD-2635,"","","","","","","","","","","","","","","","","","","",""
advertisers,AD-79,"","","","",AD-79,"","","","","","","","","","","","","","","","","","","",""
advertisers,AD-2639,"","","","",AD-2639,"","","","","","","","","","","","","","","","","","","",""
advertisers,AD-2637,"","","","",AD-2637,"","","","","","","","","","","","","","","","","","","",""
advertisers,AD-2634,"","","","",AD-2634,"","","","","","","","","","","","","","","","","","","",""
advertisers,AD-97,"","","","",AD-97,"","","","","","","","","","","","","","","","","","","",""
advertisers,AD-16,"","","","",AD-16,"","","","","","","","","","","","","","","","","","","",""
advertisers,AD-2646,"","","","",AD-2646,"","","","","","","","","","","","","","","","","","","",""
advertisers,AD-2642,"","","","",AD-2642,"","","","","","","","","","","","","","","","","","","",""
advertisers,AD-84,"","","","",AD-84,"","","","","","","","","","","","","","","","","","","",""
advertisers,AD-2089,"","","","",AD-2089,"","","","","","","","","","","","","","","","","","","",""
advertisers,AD-2643,"","","","",AD-2643,"","","","","","","","","","","","","","","","","","","",""
dates,"27-06-2019 00:00","","","","","","","","","","","","","","","","","","","","27-06-2019 00:00","3494.0400","0","787.1123137982578200","152707.660000","19401"
dates,"12-06-2019 00:00","","","","","","","","","","","","","","","","","","","","12-06-2019 00:00","2280.4800","0","532.2507893012450100","89348.940000","16787"
dates,"14-06-2019 00:00","","","","","","","","","","","","","","","","","","","","14-06-2019 00:00","2133.8200","0","633.0720765135081800","128412.340000","20284"
dates,"22-06-2019 00:00","","","","","","","","","","","","","","","","","","","","22-06-2019 00:00","3423.500","0","684.5194615464885700","131195.000000","19166"
dates,"05-06-2019 00:00","","","","","","","","","","","","","","","","","","","","05-06-2019 00:00","3106.8800","0","663.6154873164219000","114321.040000","17227"
dates,"21-06-2019 00:00","","","","","","","","","","","","","","","","","","","","21-06-2019 00:00","8382.200","0","764.4898326435126900","169930.800000","22228"
dates,"13-06-2019 00:00","","","","","","","","","","","","","","","","","","","","13-06-2019 00:00","2928.7800","0","736.2834300845299900","144591.340000","19638"
dates,"06-06-2019 00:00","","","","","","","","","","","","","","","","","","","","06-06-2019 00:00","3845.8200","0","788.3272572220445600","147905.960000","18762"
dates,"08-06-2019 00:00","","","","","","","","","","","","","","","","","","","","08-06-2019 00:00","2906.3600","0","619.3409132812980100","100772.960000","16271"
dates,"20-06-2019 00:00","","","","","","","","","","","","","","","","","","","","20-06-2019 00:00","3634.9200","0","758.5737860996509000","167318.620000","22057"
dates,"04-06-2019 00:00","","","","","","","","","","","","","","","","","","","","04-06-2019 00:00","2946.500","0","710.8527695187754700","129105.080000","18162"
dates,"26-06-2019 00:00","","","","","","","","","","","","","","","","","","","","26-06-2019 00:00","2118.100","0","619.2106367226061200","100361.660000","16208"
dates,"17-06-2019 00:00","","","","","","","","","","","","","","","","","","","","17-06-2019 00:00","3276.300","0","771.6242720270524100","164294.240000","21292"
dates,"10-06-2019 00:00","","","","","","","","","","","","","","","","","","","","10-06-2019 00:00","2720.1800","0","642.5205739808039500","135224.880000","21046"
dates,"19-06-2019 00:00","","","","","","","","","","","","","","","","","","","","19-06-2019 00:00","2313.300","0","592.9425528566182300","113020.780000","19061"
dates,"11-06-2019 00:00","","","","","","","","","","","","","","","","","","","","11-06-2019 00:00","2651.3200","0","622.0306559718712200","113222.020000","18202"
dates,"01-06-2019 00:00","","","","","","","","","","","","","","","","","","","","01-06-2019 00:00","2382.4600","0","690.3939509467530800","108654.200000","15738"
dates,"25-06-2019 00:00","","","","","","","","","","","","","","","","","","","","25-06-2019 00:00","3881.00","0","702.1358989146961700","133918.380000","19073"
dates,"03-06-2019 00:00","","","","","","","","","","","","","","","","","","","","03-06-2019 00:00","4561.200","0","787.2828088637053500","155614.320000","19766"
dates,"07-06-2019 00:00","","","","","","","","","","","","","","","","","","","","07-06-2019 00:00","2743.8800","0","668.7685093523680500","128356.740000","19193"
dates,"02-06-2019 00:00","","","","","","","","","","","","","","","","","","","","02-06-2019 00:00","3025.700","0","770.2688079203361500","133818.800000","17373"
dates,"30-06-2019 00:00","","","","","","","","","","","","","","","","","","","","30-06-2019 00:00","2855.4200","0","716.8382731238116500","128185.020000","17882"
dates,"16-06-2019 00:00","","","","","","","","","","","","","","","","","","","","16-06-2019 00:00","2386.2400","0","684.1587100853620000","129839.640000","18978"
dates,"23-06-2019 00:00","","","","","","","","","","","","","","","","","","","","23-06-2019 00:00","5181.4800","0","739.7214021253065300","153839.860000","20797"
dates,"15-06-2019 00:00","","","","","","","","","","","","","","","","","","","","15-06-2019 00:00","1950.4800","0","551.6258975586405000","92187.720000","16712"
dates,"09-06-2019 00:00","","","","","","","","","","","","","","","","","","","","09-06-2019 00:00","3473.5800","0","686.7825304393859200","129733.220000","18890"
dates,"24-06-2019 00:00","","","","","","","","","","","","","","","","","","","","24-06-2019 00:00","5610.9800",-15.4200,"771.5288147256150000","179395.880000","23252"
dates,"29-06-2019 00:00","","","","","","","","","","","","","","","","","","","","29-06-2019 00:00","3685.7200","0","705.9144514566201300","110736.800000","15687"
dates,"18-06-2019 00:00","","","","","","","","","","","","","","","","","","","","18-06-2019 00:00","2067.3200","0","711.5978157141342400","134221.580000","18862"
dates,"28-06-2019 00:00","","","","","","","","","","","","","","","","","","","","28-06-2019 00:00","2975.2800","0","705.2054311774461000","136076.440000","19296"
device_categories,Desktop,"","","",Desktop,"","","","","","","","","","","","","","","","","","","","",""
device_categories,Smartphone,"","","",Smartphone,"","","","","","","","","","","","","","","","","","","","",""
device_categories,Smart TV,"","","",Smart TV,"","","","","","","","","","","","","","","","","","","","",""
device_categories,Tablet,"","","",Tablet,"","","","","","","","","","","","","","","","","","","","",""
device_categories,Gaming console,"","","",Gaming console,"","","","","","","","","","","","","","","","","","","","",""
geos,GE-1,"","",GE-1,"","","","","","","","","","","","","","","","","","","","","",""
geos,GE-198,"","",GE-198,"","","","","","","","","","","","","","","","","","","","","",""
geos,GE-7,"","",GE-7,"","","","","","","","","","","","","","","","","","","","","",""
geos,GE-180,"","",GE-180,"","","","","","","","","","","","","","","","","","","","","",""
geos,GE-176,"","",GE-176,"","","","","","","","","","","","","","","","","","","","","",""
geos,GE-112,"","",GE-112,"","","","","","","","","","","","","","","","","","","","","",""
geos,GE-22,"","",GE-22,"","","","","","","","","","","","","","","","","","","","","",""
geos,GE-166,"","",GE-166,"","","","","","","","","","","","","","","","","","","","","",""
geos,GE-182,"","",GE-182,"","","","","","","","","","","","","","","","","","","","","",""
geos,GE-201,"","",GE-201,"","","","","","","","","","","","","","","","","","","","","",""
geos,GE-220,"","",GE-220,"","","","","","","","","","","","","","","","","","","","","",""
geos,GE-126,"","",GE-126,"","","","","","","","","","","","","","","","","","","","","",""
geos,GE-102,"","",GE-102,"","","","","","","","","","","","","","","","","","","","","",""
geos,GE-21,"","",GE-21,"","","","","","","","","","","","","","","","","","","","","",""
geos,GE-38,"","",GE-38,"","","","","","","","","","","","","","","","","","","","","",""
geos,GE-73,"","",GE-73,"","","","","","","","","","","","","","","","","","","","","",""
geos,GE-17,"","",GE-17,"","","","","","","","","","","","","","","","","","","","","",""
geos,GE-4,"","",GE-4,"","","","","","","","","","","","","","","","","","","","","",""
geos,GE-132,"","",GE-132,"","","","","","","","","","","","","","","","","","","","","",""
geos,GE-151,"","",GE-151,"","","","","","","","","","","","","","","","","","","","","",""
geos,GE-226,"","",GE-226,"","","","","","","","","","","","","","","","","","","","","",""
geos,GE-58,"","",GE-58,"","","","","","","","","","","","","","","","","","","","","",""
geos,GE-155,"","",GE-155,"","","","","","","","","","","","","","","","","","","","","",""
geos,GE-189,"","",GE-189,"","","","","","","","","","","","","","","","","","","","","",""
geos,GE-62,"","",GE-62,"","","","","","","","","","","","","","","","","","","","","",""
geos,GE-225,"","",GE-225,"","","","","","","","","","","","","","","","","","","","","",""
geos,GE-171,"","",GE-171,"","","","","","","","","","","","","","","","","","","","","",""
geos,GE-45,"","",GE-45,"","","","","","","","","","","","","","","","","","","","","",""
geos,GE-91,"","",GE-91,"","","","","","","","","","","","","","","","","","","","","",""
geos,GE-59,"","",GE-59,"","","","","","","","","","","","","","","","","","","","","",""
geos,GE-15,"","",GE-15,"","","","","","","","","","","","","","","","","","","","","",""
geos,GE-134,"","",GE-134,"","","","","","","","","","","","","","","","","","","","","",""
geos,GE-98,"","",GE-98,"","","","","","","","","","","","","","","","","","","","","",""
geos,GE-148,"","",GE-148,"","","","","","","","","","","","","","","","","","","","","",""
geos,GE-143,"","",GE-143,"","","","","","","","","","","","","","","","","","","","","",""
geos,GE-104,"","",GE-104,"","","","","","","","","","","","","","","","","","","","","",""
geos,GE-160,"","",GE-160,"","","","","","","","","","","","","","","","","","","","","",""
geos,GE-67,"","",GE-67,"","","","","","","","","","","","","","","","","","","","","",""
geos,GE-105,"","",GE-105,"","","","","","","","","","","","","","","","","","","","","",""
geos,GE-99,"","",GE-99,"","","","","","","","","","","","","","","","","","","","","",""
geos,GE-122,"","",GE-122,"","","","","","","","","","","","","","","","","","","","","",""
geos,GE-37,"","",GE-37,"","","","","","","","","","","","","","","","","","","","","",""
geos,GE-70,"","",GE-70,"","","","","","","","","","","","","","","","","","","","","",""
geos,GE-114,"","",GE-114,"","","","","","","","","","","","","","","","","","","","","",""
geos,GE-144,"","",GE-144,"","","","","","","","","","","","","","","","","","","","","",""
geos,GE-52,"","",GE-52,"","","","","","","","","","","","","","","","","","","","","",""
geos,GE-28,"","",GE-28,"","","","","","","","","","","","","","","","","","","","","",""
geos,GE-177,"","",GE-177,"","","","","","","","","","","","","","","","","","","","","",""
geos,GE-140,"","",GE-140,"","","","","","","","","","","","","","","","","","","","","",""
geos,GE-197,"","",GE-197,"","","","","","","","","","","","","","","","","","","","","",""
geos,GE-88,"","",GE-88,"","","","","","","","","","","","","","","","","","","","","",""
geos,GE-53,"","",GE-53,"","","","","","","","","","","","","","","","","","","","","",""
geos,GE-125,"","",GE-125,"","","","","","","","","","","","","","","","","","","","","",""
geos,GE-221,"","",GE-221,"","","","","","","","","","","","","","","","","","","","","",""
geos,GE-146,"","",GE-146,"","","","","","","","","","","","","","","","","","","","","",""
geos,GE-187,"","",GE-187,"","","","","","","","","","","","","","","","","","","","","",""
geos,GE-149,"","",GE-149,"","","","","","","","","","","","","","","","","","","","","",""
geos,GE-41,"","",GE-41,"","","","","","","","","","","","","","","","","","","","","",""
geos,GE-36,"","",GE-36,"","","","","","","","","","","","","","","","","","","","","",""
geos,GE-133,"","",GE-133,"","","","","","","","","","","","","","","","","","","","","",""
geos,GE-169,"","",GE-169,"","","","","","","","","","","","","","","","","","","","","",""
geos,GE-163,"","",GE-163,"","","","","","","","","","","","","","","","","","","","","",""
geos,GE-183,"","",GE-183,"","","","","","","","","","","","","","","","","","","","","",""
geos,GE-49,"","",GE-49,"","","","","","","","","","","","","","","","","","","","","",""
geos,GE-127,"","",GE-127,"","","","","","","","","","","","","","","","","","","","","",""
geos,GE-103,"","",GE-103,"","","","","","","","","","","","","","","","","","","","","",""
geos,GE-83,"","",GE-83,"","","","","","","","","","","","","","","","","","","","","",""
geos,GE-188,"","",GE-188,"","","","","","","","","","","","","","","","","","","","","",""
geos,GE-167,"","",GE-167,"","","","","","","","","","","","","","","","","","","","","",""
geos,GE-81,"","",GE-81,"","","","","","","","","","","","","","","","","","","","","",""
geos,GE-173,"","",GE-173,"","","","","","","","","","","","","","","","","","","","","",""
geos,GE-194,"","",GE-194,"","","","","","","","","","","","","","","","","","","","","",""
geos,GE-39,"","",GE-39,"","","","","","","","","","","","","","","","","","","","","",""
geos,GE-179,"","",GE-179,"","","","","","","","","","","","","","","","","","","","","",""
geos,GE-158,"","",GE-158,"","","","","","","","","","","","","","","","","","","","","",""
geos,GE-96,"","",GE-96,"","","","","","","","","","","","","","","","","","","","","",""
geos,GE-161,"","",GE-161,"","","","","","","","","","","","","","","","","","","","","",""
geos,GE-165,"","",GE-165,"","","","","","","","","","","","","","","","","","","","","",""
geos,GE-308,"","",GE-308,"","","","","","","","","","","","","","","","","","","","","",""
geos,GE-212,"","",GE-212,"","","","","","","","","","","","","","","","","","","","","",""
geos,GE-82,"","",GE-82,"","","","","","","","","","","","","","","","","","","","","",""
geos,GE-56,"","",GE-56,"","","","","","","","","","","","","","","","","","","","","",""
geos,GE-190,"","",GE-190,"","","","","","","","","","","","","","","","","","","","","",""
geos,GE-74,"","",GE-74,"","","","","","","","","","","","","","","","","","","","","",""
geos,GE-185,"","",GE-185,"","","","","","","","","","","","","","","","","","","","","",""
geos,GE-306,"","",GE-306,"","","","","","","","","","","","","","","","","","","","","",""
geos,GE-129,"","",GE-129,"","","","","","","","","","","","","","","","","","","","","",""
geos,GE-89,"","",GE-89,"","","","","","","","","","","","","","","","","","","","","",""
geos,GE-77,"","",GE-77,"","","","","","","","","","","","","","","","","","","","","",""
geos,GE-48,"","",GE-48,"","","","","","","","","","","","","","","","","","","","","",""
geos,GE-6,"","",GE-6,"","","","","","","","","","","","","","","","","","","","","",""
geos,GE-44,"","",GE-44,"","","","","","","","","","","","","","","","","","","","","",""
geos,GE-18,"","",GE-18,"","","","","","","","","","","","","","","","","","","","","",""
geos,GE-23,"","",GE-23,"","","","","","","","","","","","","","","","","","","","","",""
geos,GE-130,"","",GE-130,"","","","","","","","","","","","","","","","","","","","","",""
geos,GE-35,"","",GE-35,"","","","","","","","","","","","","","","","","","","","","",""
geos,GE-124,"","",GE-124,"","","","","","","","","","","","","","","","","","","","","",""
geos,GE-61,"","",GE-61,"","","","","","","","","","","","","","","","","","","","","",""
geos,GE-305,"","",GE-305,"","","","","","","","","","","","","","","","","","","","","",""
geos,GE-84,"","",GE-84,"","","","","","","","","","","","","","","","","","","","","",""
geos,GE-92,"","",GE-92,"","","","","","","","","","","","","","","","","","","","","",""
geos,GE-208,"","",GE-208,"","","","","","","","","","","","","","","","","","","","","",""
geos,GE-137,"","",GE-137,"","","","","","","","","","","","","","","","","","","","","",""
geos,GE-136,"","",GE-136,"","","","","","","","","","","","","","","","","","","","","",""
geos,GE-27,"","",GE-27,"","","","","","","","","","","","","","","","","","","","","",""
geos,GE-116,"","",GE-116,"","","","","","","","","","","","","","","","","","","","","",""
geos,GE-121,"","",GE-121,"","","","","","","","","","","","","","","","","","","","","",""
geos,GE-205,"","",GE-205,"","","","","","","","","","","","","","","","","","","","","",""
geos,GE-46,"","",GE-46,"","","","","","","","","","","","","","","","","","","","","",""
geos,GE-68,"","",GE-68,"","","","","","","","","","","","","","","","","","","","","",""
geos,GE-8,"","",GE-8,"","","","","","","","","","","","","","","","","","","","","",""
geos,GE-43,"","",GE-43,"","","","","","","","","","","","","","","","","","","","","",""
geos,GE-100,"","",GE-100,"","","","","","","","","","","","","","","","","","","","","",""
geos,GE-174,"","",GE-174,"","","","","","","","","","","","","","","","","","","","","",""
geos,GE-168,"","",GE-168,"","","","","","","","","","","","","","","","","","","","","",""
geos,GE-106,"","",GE-106,"","","","","","","","","","","","","","","","","","","","","",""
geos,GE-209,"","",GE-209,"","","","","","","","","","","","","","","","","","","","","",""
geos,GE-63,"","",GE-63,"","","","","","","","","","","","","","","","","","","","","",""
geos,GE-93,"","",GE-93,"","","","","","","","","","","","","","","","","","","","","",""
geos,GE-55,"","",GE-55,"","","","","","","","","","","","","","","","","","","","","",""
geos,GE-3,"","",GE-3,"","","","","","","","","","","","","","","","","","","","","",""
geos,GE-29,"","",GE-29,"","","","","","","","","","","","","","","","","","","","","",""
geos,GE-204,"","",GE-204,"","","","","","","","","","","","","","","","","","","","","",""
geos,GE-117,"","",GE-117,"","","","","","","","","","","","","","","","","","","","","",""
geos,GE-10,"","",GE-10,"","","","","","","","","","","","","","","","","","","","","",""
geos,GE-186,"","",GE-186,"","","","","","","","","","","","","","","","","","","","","",""
geos,GE-14,"","",GE-14,"","","","","","","","","","","","","","","","","","","","","",""
geos,GE-178,"","",GE-178,"","","","","","","","","","","","","","","","","","","","","",""
geos,GE-31,"","",GE-31,"","","","","","","","","","","","","","","","","","","","","",""
geos,GE-90,"","",GE-90,"","","","","","","","","","","","","","","","","","","","","",""
geos,GE-60,"","",GE-60,"","","","","","","","","","","","","","","","","","","","","",""
geos,GE-47,"","",GE-47,"","","","","","","","","","","","","","","","","","","","","",""
geos,GE-57,"","",GE-57,"","","","","","","","","","","","","","","","","","","","","",""
geos,GE-16,"","",GE-16,"","","","","","","","","","","","","","","","","","","","","",""
geos,GE-153,"","",GE-153,"","","","","","","","","","","","","","","","","","","","","",""
geos,GE-202,"","",GE-202,"","","","","","","","","","","","","","","","","","","","","",""
geos,GE-66,"","",GE-66,"","","","","","","","","","","","","","","","","","","","","",""
geos,GE-24,"","",GE-24,"","","","","","","","","","","","","","","","","","","","","",""
geos,GE-72,"","",GE-72,"","","","","","","","","","","","","","","","","","","","","",""
geos,GE-2,"","",GE-2,"","","","","","","","","","","","","","","","","","","","","",""
geos,GE-94,"","",GE-94,"","","","","","","","","","","","","","","","","","","","","",""
geos,GE-135,"","",GE-135,"","","","","","","","","","","","","","","","","","","","","",""
geos,GE-138,"","",GE-138,"","","","","","","","","","","","","","","","","","","","","",""
geos,GE-142,"","",GE-142,"","","","","","","","","","","","","","","","","","","","","",""
geos,GE-25,"","",GE-25,"","","","","","","","","","","","","","","","","","","","","",""
geos,GE-120,"","",GE-120,"","","","","","","","","","","","","","","","","","","","","",""
geos,GE-196,"","",GE-196,"","","","","","","","","","","","","","","","","","","","","",""
geos,GE-175,"","",GE-175,"","","","","","","","","","","","","","","","","","","","","",""
geos,GE-150,"","",GE-150,"","","","","","","","","","","","","","","","","","","","","",""
geos,GE-19,"","",GE-19,"","","","","","","","","","","","","","","","","","","","","",""
geos,GE-111,"","",GE-111,"","","","","","","","","","","","","","","","","","","","","",""
geos,GE-101,"","",GE-101,"","","","","","","","","","","","","","","","","","","","","",""
geos,GE-5,"","",GE-5,"","","","","","","","","","","","","","","","","","","","","",""
geos,GE-26,"","",GE-26,"","","","","","","","","","","","","","","","","","","","","",""
geos,GE-184,"","",GE-184,"","","","","","","","","","","","","","","","","","","","","",""
geos,GE-51,"","",GE-51,"","","","","","","","","","","","","","","","","","","","","",""
geos,GE-65,"","",GE-65,"","","","","","","","","","","","","","","","","","","","","",""
geos,GE-162,"","",GE-162,"","","","","","","","","","","","","","","","","","","","","",""
geos,GE-97,"","",GE-97,"","","","","","","","","","","","","","","","","","","","","",""
geos,GE-200,"","",GE-200,"","","","","","","","","","","","","","","","","","","","","",""
geos,GE-11,"","",GE-11,"","","","","","","","","","","","","","","","","","","","","",""
geos,GE-9,"","",GE-9,"","","","","","","","","","","","","","","","","","","","","",""
geos,GE-156,"","",GE-156,"","","","","","","","","","","","","","","","","","","","","",""
geos,GE-222,"","",GE-222,"","","","","","","","","","","","","","","","","","","","","",""
geos,GE-193,"","",GE-193,"","","","","","","","","","","","","","","","","","","","","",""
geos,GE-33,"","",GE-33,"","","","","","","","","","","","","","","","","","","","","",""
geos,GE-152,"","",GE-152,"","","","","","","","","","","","","","","","","","","","","",""
geos,GE-69,"","",GE-69,"","","","","","","","","","","","","","","","","","","","","",""
geos,GE-145,"","",GE-145,"","","","","","","","","","","","","","","","","","","","","",""
geos,GE-123,"","",GE-123,"","","","","","","","","","","","","","","","","","","","","",""
geos,GE-210,"","",GE-210,"","","","","","","","","","","","","","","","","","","","","",""
geos,GE-128,"","",GE-128,"","","","","","","","","","","","","","","","","","","","","",""
geos,GE-159,"","",GE-159,"","","","","","","","","","","","","","","","","","","","","",""
geos,GE-206,"","",GE-206,"","","","","","","","","","","","","","","","","","","","","",""
geos,GE-75,"","",GE-75,"","","","","","","","","","","","","","","","","","","","","",""
geos,GE-54,"","",GE-54,"","","","","","","","","","","","","","","","","","","","","",""
geos,GE-30,"","",GE-30,"","","","","","","","","","","","","","","","","","","","","",""
geos,GE-78,"","",GE-78,"","","","","","","","","","","","","","","","","","","","","",""
geos,GE-154,"","",GE-154,"","","","","","","","","","","","","","","","","","","","","",""
geos,GE-119,"","",GE-119,"","","","","","","","","","","","","","","","","","","","","",""
geos,GE-199,"","",GE-199,"","","","","","","","","","","","","","","","","","","","","",""
geos,GE-203,"","",GE-203,"","","","","","","","","","","","","","","","","","","","","",""
geos,GE-139,"","",GE-139,"","","","","","","","","","","","","","","","","","","","","",""
geos,GE-20,"","",GE-20,"","","","","","","","","","","","","","","","","","","","","",""
geos,GE-223,"","",GE-223,"","","","","","","","","","","","","","","","","","","","","",""
geos,GE-217,"","",GE-217,"","","","","","","","","","","","","","","","","","","","","",""
geos,GE-147,"","",GE-147,"","","","","","","","","","","","","","","","","","","","","",""
geos,GE-141,"","",GE-141,"","","","","","","","","","","","","","","","","","","","","",""
geos,GE-108,"","",GE-108,"","","","","","","","","","","","","","","","","","","","","",""
geos,GE-115,"","",GE-115,"","","","","","","","","","","","","","","","","","","","","",""
geos,GE-34,"","",GE-34,"","","","","","","","","","","","","","","","","","","","","",""
geos,GE-32,"","",GE-32,"","","","","","","","","","","","","","","","","","","","","",""
geos,GE-42,"","",GE-42,"","","","","","","","","","","","","","","","","","","","","",""
geos,GE-85,"","",GE-85,"","","","","","","","","","","","","","","","","","","","","",""
geos,GE-172,"","",GE-172,"","","","","","","","","","","","","","","","","","","","","",""
geos,GE-109,"","",GE-109,"","","","","","","","","","","","","","","","","","","","","",""
geos,GE-110,"","",GE-110,"","","","","","","","","","","","","","","","","","","","","",""
geos,GE-113,"","",GE-113,"","","","","","","","","","","","","","","","","","","","","",""
geos,GE-13,"","",GE-13,"","","","","","","","","","","","","","","","","","","","","",""
geos,GE-195,"","",GE-195,"","","","","","","","","","","","","","","","","","","","","",""
geos,GE-79,"","",GE-79,"","","","","","","","","","","","","","","","","","","","","",""
geos,GE-107,"","",GE-107,"","","","","","","","","","","","","","","","","","","","","",""
geos,GE-118,"","",GE-118,"","","","","","","","","","","","","","","","","","","","","",""
geos,GE-71,"","",GE-71,"","","","","","","","","","","","","","","","","","","","","",""
geos,GE-64,"","",GE-64,"","","","","","","","","","","","","","","","","","","","","",""
geos,GE-224,"","",GE-224,"","","","","","","","","","","","","","","","","","","","","",""
geos,GE-131,"","",GE-131,"","","","","","","","","","","","","","","","","","","","","",""
geos,GE-76,"","",GE-76,"","","","","","","","","","","","","","","","","","","","","",""
geos,GE-157,"","",GE-157,"","","","","","","","","","","","","","","","","","","","","",""
geos,GE-192,"","",GE-192,"","","","","","","","","","","","","","","","","","","","","",""
geos,GE-164,"","",GE-164,"","","","","","","","","","","","","","","","","","","","","",""
geos,GE-258,"","",GE-258,"","","","","","","","","","","","","","","","","","","","","",""
geos,GE-50,"","",GE-50,"","","","","","","","","","","","","","","","","","","","","",""
geos,GE-181,"","",GE-181,"","","","","","","","","","","","","","","","","","","","","",""
geos,GE-87,"","",GE-87,"","","","","","","","","","","","","","","","","","","","","",""
geos,GE-80,"","",GE-80,"","","","","","","","","","","","","","","","","","","","","",""
geos,GE-191,"","",GE-191,"","","","","","","","","","","","","","","","","","","","","",""
geos,GE-12,"","",GE-12,"","","","","","","","","","","","","","","","","","","","","",""
geos,GE-95,"","",GE-95,"","","","","","","","","","","","","","","","","","","","","",""
integration_types,IT-1,"","","","","","","","","","","","","",IT-1,"","","","","","","","","","",""
line_items,LI-4,"","","","","","","","","","","",LI-4,"","","","","","","","","","","","",""
line_items,LI-19,"","","","","","","","","","","",LI-19,"","","","","","","","","","","","",""
line_items,LI-20,"","","","","","","","","","","",LI-20,"","","","","","","","","","","","",""
line_items,LI-11,"","","","","","","","","","","",LI-11,"","","","","","","","","","","","",""
line_items,LI-3,"","","","","","","","","","","",LI-3,"","","","","","","","","","","","",""
line_items,LI-8,"","","","","","","","","","","",LI-8,"","","","","","","","","","","","",""
line_items,LI-9,"","","","","","","","","","","",LI-9,"","","","","","","","","","","","",""
monetization_channels,CH-19,"","","","","","","","","","","","","","",CH-19,"","","","","","","","","",""
monetization_channels,CH-21,"","","","","","","","","","","","","","",CH-21,"","","","","","","","","",""
monetization_channels,CH-4,"","","","","","","","","","","","","","",CH-4,"","","","","","","","","",""
monetization_channels,CH-2,"","","","","","","","","","","","","","",CH-2,"","","","","","","","","",""
monetization_channels,CH-1,"","","","","","","","","","","","","","",CH-1,"","","","","","","","","",""
orders,"3472","","","","","","3472","0","0","0.00000000000000000000","0","6","","","","","","","","","","","","","",""
orders,"148","","","","","","148","131.4800","0.1600","328.4114545307049600","40483.2800","12327","","","","","","","","","","","","","",""
orders,"3485","","","","","","3485","841.3400","0","300.7511903443693900","54321.680000","18062","","","","","","","","","","","","","",""
orders,"152","","","","","","152","698.200","0.800","912.6879587383455700","46008.6000","5041","","","","","","","","","","","","","",""
orders,"155","","","","","","155","19.6400","1.600","270.7392344497607700","2263.3800","836","","","","","","","","","","","","","",""
orders,"3483","","","","","","3483","0","0","0.00000000000000000000","0","323","","","","","","","","","","","","","",""
orders,"3449","","","","","","3449","0","0","0.00000000000000000000","0","1490","","","","","","","","","","","","","",""
orders,"3489","","","","","","3489","2839.300","0","1496.5663209004634700","203428.260000","13593","","","","","","","","","","","","","",""
orders,"3468","","","","","","3468","0","0","0.00000000000000000000","0","6","","","","","","","","","","","","","",""
orders,"3487","","","","","","3487","3207.8800",-15.4200,"959.3795533629916800","217807.940000","22703","","","","","","","","","","","","","",""
orders,"3484","","","","","","3484","0","0","0.00000000000000000000","0","1045","","","","","","","","","","","","","",""
orders,"3450","","","","","","3450","0","0","0.00000000000000000000","0","258","","","","","","","","","","","","","",""
orders,"3452","","","","","","3452","2382.4600","0","908.2157794676806100","95544.300000","10520","","","","","","","","","","","","","",""
orders,"3437","","","","","","3437","0","0","0.00000000000000000000","0","2893","","","","","","","","","","","","","",""
orders,"177","","","","","","177","11.1600","2.400","307.8225255972696200","901.9200","293","","","","","","","","","","","","","",""
orders,"3439","","","","","","3439","1786.5200","0","1581.3374632182127900","102106.960000","6457","","","","","","","","","","","","","",""
orders,"3461","","","","","","3461","0","0","0.00000000000000000000","0","603","","","","","","","","","","","","","",""
orders,"2752","","","","","","2752","113.5600","1.600","481.5155709342560600","6957.9000","1445","","","","","","","","","","","","","",""
orders,"3448","","","","","","3448","0","0","0.00000000000000000000","0","2817","","","","","","","","","","","","","",""
orders,"158","","","","","","158","77.4400","0.800","470.9606401384083000","21777.2200","4624","","","","","","","","","","","","","",""
orders,"2750","","","","","","2750","144.3400","0","202.0669903874739900","40781.160000","20182","","","","","","","","","","","","","",""
orders,"3440","","","","","","3440","628.800","0.300","533.8987751328865300","23101.800","4327","","","","","","","","","","","","","",""
orders,"3442","","","","","","3442","2451.9400","0","917.6129072839350900","145882.100000","15898","","","","","","","","","","","","","",""
orders,"3471","","","","","","3471","15.600","0.400","360.0000000000000000","25.200","7","","","","","","","","","","","","","",""
orders,"3464","","","","","","3464","913.1800","0","617.9071929676274200","73104.600000","11831","","","","","","","","","","","","","",""
orders,"3467","","","","","","3467","0","0","0.00000000000000000000","0","19","","","","","","","","","","","","","",""
orders,"162","","","","","","162","54.4200","3.200","630.2810047095761400","8029.7800","1274","","","","","","","","","","","","","",""
orders,"3477","","","","","","3477","797.5600","0","125.97162017688793857500","12961.220000","10289","","","","","","","","","","","","","",""
orders,"45","","","","","","45","1597.8800","0","14.33385376008326828000","20932.300000","146034","","","","","","","","","","","","","",""
orders,"175","","","","","","175","23.600","3.200","459.4459102902374700","1741.3000","379","","","","","","","","","","","","","",""
orders,"3445","","","","","","3445","0","0","0.00000000000000000000","0","2780","","","","","","","","","","","","","",""
orders,"163","","","","","","163","28.2600","1.600","390.3958333333333300","7495.6000","1920","","","","","","","","","","","","","",""
orders,"3486","","","","","","3486","0","0","0.00000000000000000000","0","876","","","","","","","","","","","","","",""
orders,"3474","","","","","","3474","0","0","0.00000000000000000000","0","88","","","","","","","","","","","","","",""
orders,"3463","","","","","","3463","8.1200","0","84.90410958904109589000","61.980000","73","","","","","","","","","","","","","",""
orders,"3488","","","","","","3488","2366.3400","0","1990.0221962616822400","102207.540000","5136","","","","","","","","","","","","","",""
orders,"172","","","","","","172","27.1600","2.400","390.9570200573065900","4093.3200","1047","","","","","","","","","","","","","",""
orders,"3462","","","","","","3462","5610.9800","0","4313.2409638554216900","257759.280000","5976","","","","","","","","","","","","","",""
orders,"3454","","","","","","3454","1684.00","0","4012.3301985370950900","76796.00","1914","","","","","","","","","","","","","",""
orders,"3475","","","","","","3475","3276.300","0","3726.4879110805546000","325210.600000","8727","","","","","","","","","","","","","",""
orders,"3479","","","","","","3479","0","0","0.00000000000000000000","0","2471","","","","","","","","","","","","","",""
orders,"3444","","","","","","3444","0","0","0.00000000000000000000","0","2486","","","","","","","","","","","","","",""
orders,"140","","","","","","140","403.2800","0.040000","1108.9768812747536200","120401.620000","10857","","","","","","","","","","","","","",""
orders,"3476","","","","","","3476","2389.5800","0","5569.4713810607386700","318183.900000","5713","","","","","","","","","","","","","",""
orders,"3459","","","","","","3459","8382.200","0","2552.7434320849636700","411017.220000","16101","","","","","","","","","","","","","",""
orders,"3458","","","","","","3458","0.400","0","29.62962962962962963000","8.000","27","","","","","","","","","","","","","",""
orders,"3460","","","","","","3460","3685.7200","0","659.0064939324368600","200931.080000","30490","","","","","","","","","","","","","",""
orders,"3443","","","","","","3443","0","0","0.00000000000000000000","0","2943","","","","","","","","","","","","","",""
orders,"2753","","","","","","2753","37.7800","2.400","491.4552332912988700","3897.2400","793","","","","","","","","","","","","","",""
orders,"151","","","","","","151","193.9400","0.800","455.1943811693242200","11989.8200","2634","","","","","","","","","","","","","",""
orders,"3441","","","","","","3441","2039.4800","0","1891.8065678814577500","188953.640000","9988","","","","","","","","","","","","","",""
orders,"3466","","","","","","3466","0","0","0.00000000000000000000","0","9","","","","","","","","","","","","","",""
orders,"3456","","","","","","3456","510.6800","0","677.5313213289373600","53430.120000","7886","","","","","","","","","","","","","",""
orders,"146","","","","","","146","234.4600","0","245.3761261261261300","39220.920000","15984","","","","","","","","","","","","","",""
orders,"3478","","","","","","3478","361.4600","0","257.8581395348837200","13305.480000","5160","","","","","","","","","","","","","",""
orders,"169","","","","","","169","20.4600","2.400","360.3133757961783400","2828.4600","785","","","","","","","","","","","","","",""
orders,"147","","","","","","147","243.8800","0","152.4785954785954800","63400.600000","41580","","","","","","","","","","","","","",""
orders,"3453","","","","","","3453","1046.2200","0","1186.6340865777293800","87170.140000","7346","","","","","","","","","","","","","",""
orders,"157","","","","","","157","23.2400","3.200","494.1895332390381900","3493.9200","707","","","","","","","","","","","","","",""
orders,"3455","","","","","","3455","1903.500","0","1396.8257570670784900","208029.260000","14893","","","","","","","","","","","","","",""
orders,"3438","","","","","","3438","3766.4600","0","1184.0531243196168100","108767.120000","9186","","","","","","","","","","","","","",""
orders,"2754","","","","","","2754","222.3800","3.200","789.4468503937007900","8020.7800","1016","","","","","","","","","","","","","",""
orders,"2751","","","","","","2751","88.3400","0.800","571.8690835850956700","17035.9800","2979","","","","","","","","","","","","","",""
orders,"3480","","","","","","3480","0","0","0.00000000000000000000","0","922","","","","","","","","","","","","","",""
orders,"3482","","","","","","3482","730.0","0","772.1419056922120600","86950.900","11261","","","","","","","","","","","","","",""
orders,"3481","","","","","","3481","0","0","0.00000000000000000000","0","378","","","","","","","","","","","","","",""
orders,"3465","","","","","","3465","0","0","0.00000000000000000000","0","17","","","","","","","","","","","","","",""
orders,"3469","","","","","","3469","0","0","0.00000000000000000000","0","9","","","","","","","","","","","","","",""
orders,"3473","","","","","","3473","0","0","0.00000000000000000000","0","4284","","","","","","","","","","","","","",""
orders,"3470","","","","","","3470","0","0","0.00000000000000000000","0","1","","","","","","","","","","","","","",""
orders,"161","","","","","","161","80.1600","1.600","412.6159420289855100","9110.5600","2208","","","","","","","","","","","","","",""
orders,"3447","","","","","","3447","0","0","0.00000000000000000000","0","579","","","","","","","","","","","","","",""
orders,"170","","","","","","170","0.6200","0.040000","16.76923076923076923100","2.180000","13","","","","","","","","","","","","","",""
orders,"3457","","","","","","3457","211.700","0.100","451.6849451645064800","4530.400","1003","","","","","","","","","","","","","",""
orders,"3446","","","","","","3446","2032.8600","0","992.5199273630889800","103847.360000","10463","","","","","","","","","","","","","",""
os,OS-59,"","","","","","","","","","","","",OS-59,"","","","","","","","","","","",""
os,OS-58,"","","","","","","","","","","","",OS-58,"","","","","","","","","","","",""
os,OS-57,"","","","","","","","","","","","",OS-57,"","","","","","","","","","","",""
os,OS-60,"","","","","","","","","","","","",OS-60,"","","","","","","","","","","",""
os,OS-56,"","","","","","","","","","","","",OS-56,"","","","","","","","","","","",""
os,OS-55,"","","","","","","","","","","","",OS-55,"","","","","","","","","","","",""
os,OS-15,"","","","","","","","","","","","",OS-15,"","","","","","","","","","","",""
sites,Facebook,Facebook,"","","","","","","","","","","","","","","","","","","","","","","",""
sites,Tumblr,Tumblr,"","","","","","","","","","","","","","","","","","","","","","","",""
sites,Google,Google,"","","","","","","","","","","","","","","","","","","","","","","",""
sites,Amazon,Amazon,"","","","","","","","","","","","","","","","","","","","","","","",""
sites,Airbnb,Airbnb,"","","","","","","","","","","","","","","","","","","","","","","",""
sites,Snapchat,Snapchat,"","","","","","","","","","","","","","","","","","","","","","","",""
sites,Etsy,Etsy,"","","","","","","","","","","","","","","","","","","","","","","",""
sites,Twitter,Twitter,"","","","","","","","","","","","","","","","","","","","","","","",""
sites,Netflix,Netflix,"","","","","","","","","","","","","","","","","","","","","","","",""
sites,Spotify,Spotify,"","","","","","","","","","","","","","","","","","","","","","","",""
